"2907054";"Pemerintah Daerah Kabupaten Sleman";"PT Kala Prana konsultan"
"2695054";"Pemerintah Daerah Kabupaten Sleman";"PT Kala Prana konsultan"
"2623054";"Pemerintah Daerah Kabupaten Sleman";"PT Kala Prana konsultan"
"2445054";"Pemerintah Daerah Kabupaten Sleman";"PT Kala Prana konsultan"
"2220054";"Pemerintah Daerah Kabupaten Sleman";"PT Kala Prana konsultan"
"2219054";"Pemerintah Daerah Kabupaten Sleman";"PT Kala Prana konsultan"
"2218054";"Pemerintah Daerah Kabupaten Sleman";"PT Kala Prana konsultan"
"2217054";"Pemerintah Daerah Kabupaten Sleman";"PT Kala Prana konsultan"
"2216054";"Pemerintah Daerah Kabupaten Sleman";"PT Kala Prana konsultan"
"2062054";"Unit Layanan Pengadaan";"PT Kala Prana konsultan"
"1726054";"Unit Layanan Pengadaan";"PT Kala Prana konsultan"
"1720054";"Unit Layanan Pengadaan";"PT Kala Prana konsultan"
"1650054";"Unit Layanan Pengadaan";"PT Kala Prana konsultan"
"1644054";"Unit Layanan Pengadaan";"PT Kala Prana konsultan"
"1643054";"Unit Layanan Pengadaan";"PT Kala Prana konsultan"
"1551054";"Unit Layanan Pengadaan";"PT Kala Prana konsultan"
"1374054";"Unit Layanan Pengadaan";"PT Kala Prana konsultan"
"1035054";"Unit Layanan Pengadaan";"PT Kala Prana konsultan"
"966054";"Unit Layanan Pengadaan";"PT Kala Prana konsultan"
"888054";"Unit Layanan Pengadaan";"PT Kala Prana konsultan"
"882054";"Unit Layanan Pengadaan";"PT Kala Prana konsultan"
"764054";"Pemerintah Kabupaten Sleman";"PT Kala Prana konsultan"
"663054";"Pemerintah Kabupaten Sleman";"PT Kala Prana konsultan"
"567054";"Pemerintah Kabupaten Sleman";"PT Kala Prana konsultan"
"71054";"Pemerintah Kabupaten Sleman";"PT Kala Prana konsultan"
"70054";"Pemerintah Kabupaten Sleman";"PT Kala Prana konsultan"
"1827367";"Pemerintah Daerah Kabupaten Kulon Progo";"PT Kala Prana konsultan"
"1689367";"Pemerintah Daerah Kabupaten Kulon Progo";"PT Kala Prana konsultan"
"1635367";"Pemerintah Daerah Kabupaten Kulon Progo";"PT Kala Prana konsultan"
"1566367";"Pemerintah Daerah Kabupaten Kulon Progo";"PT Kala Prana konsultan"
"1466367";"Pemerintah Daerah Kabupaten Kulon Progo";"PT Kala Prana konsultan"
"1450367";"Pemerintah Daerah Kabupaten Kulon Progo";"PT Kala Prana konsultan"
"1401367";"Pemerintah Kabupaten Kulon Progo";"PT Kala Prana konsultan"
"1325367";"Pemerintah Kabupaten Kulon Progo";"PT Kala Prana konsultan"
"1260367";"Pemerintah Kabupaten Kulon Progo";"PT Kala Prana konsultan"
"1240367";"Pemerintah Kabupaten Kulon Progo";"PT Kala Prana konsultan"
"1209367";"Pemerintah Kabupaten Kulon Progo";"PT Kala Prana konsultan"
"1188367";"Pemerintah Kabupaten Kulon Progo";"PT Kala Prana konsultan"
"1187367";"Pemerintah Kabupaten Kulon Progo";"PT Kala Prana konsultan"
"1186367";"Pemerintah Kabupaten Kulon Progo";"PT Kala Prana konsultan"
"1166367";"Pemerintah Kabupaten Kulon Progo";"PT Kala Prana konsultan"
"1137367";"Pemerintah Kabupaten Kulon Progo";"PT Kala Prana konsultan"
"1136367";"Pemerintah Kabupaten Kulon Progo";"PT Kala Prana konsultan"
"883367";"Pemerintah Kabupaten Kulon Progo";"PT Kala Prana konsultan"
"881367";"Pemerintah Kabupaten Kulon Progo";"PT Kala Prana konsultan"
"879367";"Pemerintah Kabupaten Kulon Progo";"PT Kala Prana konsultan"
"820367";"Pemerintah Kabupaten Kulon Progo";"PT Kala Prana konsultan"
"818367";"Pemerintah Kabupaten Kulon Progo";"PT Kala Prana konsultan"
"765367";"Pemerintah Kabupaten Kulon Progo";"PT Kala Prana konsultan"
"733367";"Pemerintah Kabupaten Kulon Progo";"PT Kala Prana konsultan"
"715367";"Pemerintah Kabupaten Kulon Progo";"PT Kala Prana konsultan"
"518367";"Pemerintah Kabupaten Kulon Progo";"PT Kala Prana konsultan"
"161367";"Pemerintah Kabupaten Kulon Progo";"PT Kala Prana konsultan"
"160367";"Pemerintah Kabupaten Kulon Progo";"PT Kala Prana konsultan"
"6338013";"Pemerintah Daerah Provinsi D. I. Yogyakarta";"PT Kala Prana konsultan"
"6324013";"Pemerintah Daerah Provinsi D. I. Yogyakarta";"PT Kala Prana konsultan"
"6216013";"Pemerintah Daerah Provinsi D. I. Yogyakarta";"PT Kala Prana konsultan"
"6110013";"Pemerintah Daerah Provinsi D. I. Yogyakarta";"PT Kala Prana konsultan"
"5896013";"Pemerintah Daerah Provinsi D. I. Yogyakarta";"PT Kala Prana konsultan"
"5222013";"Pemerintah Daerah Provinsi D. I. Yogyakarta";"PT Kala Prana konsultan"
"5221013";"Pemerintah Daerah Provinsi D. I. Yogyakarta";"PT Kala Prana konsultan"
"5211013";"Pemerintah Daerah Provinsi D. I. Yogyakarta";"PT Kala Prana konsultan"
"4652013";"Pemerintah Daerah Provinsi D. I. Yogyakarta";"PT Kala Prana konsultan"
"4356013";"Pemerintah Daerah Provinsi D. I. Yogyakarta";"PT Kala Prana konsultan"
"4342013";"Pemerintah Daerah Provinsi D. I. Yogyakarta";"PT Kala Prana konsultan"
"4304013";"Pemerintah Daerah Provinsi D. I. Yogyakarta";"PT Kala Prana konsultan"
"4276013";"ULP Pemerintah Daerah Daerah Istimewa Yogyakarta";"PT Kala Prana konsultan"
"4010013";"ULP Pemerintah Daerah Daerah Istimewa Yogyakarta";"PT Kala Prana konsultan"
"3936013";"ULP Pemerintah Daerah Daerah Istimewa Yogyakarta";"PT Kala Prana konsultan"
"3920013";"ULP Pemerintah Daerah Daerah Istimewa Yogyakarta";"PT Kala Prana konsultan"
"3788013";"ULP Pemerintah Daerah Daerah Istimewa Yogyakarta";"PT Kala Prana konsultan"
"3525013";"ULP Pemerintah Daerah Daerah Istimewa Yogyakarta";"PT Kala Prana konsultan"
"3515013";"ULP Pemerintah Daerah Daerah Istimewa Yogyakarta";"PT Kala Prana konsultan"
"3406013";"ULP Pemerintah Daerah Daerah Istimewa Yogyakarta";"PT Kala Prana konsultan"
"3398013";"ULP Pemerintah Daerah Daerah Istimewa Yogyakarta";"PT Kala Prana konsultan"
"3158013";"ULP Pemerintah Daerah Daerah Istimewa Yogyakarta";"PT Kala Prana konsultan"
"3151013";"ULP Pemerintah Daerah Daerah Istimewa Yogyakarta";"PT Kala Prana konsultan"
"3015013";"ULP Pemerintah Daerah Daerah Istimewa Yogyakarta";"PT Kala Prana konsultan"
"2960013";"ULP Pemerintah Daerah Daerah Istimewa Yogyakarta";"PT Kala Prana konsultan"
"2937013";"ULP Pemerintah Daerah Daerah Istimewa Yogyakarta";"PT Kala Prana konsultan"
"2934013";"ULP Pemerintah Daerah Daerah Istimewa Yogyakarta";"PT Kala Prana konsultan"
"2927013";"ULP Pemerintah Daerah Daerah Istimewa Yogyakarta";"PT Kala Prana konsultan"
"2828013";"ULP Pemerintah Daerah Daerah Istimewa Yogyakarta";"PT Kala Prana konsultan"
"2740013";"ULP Pemerintah Daerah Daerah Istimewa Yogyakarta";"PT Kala Prana konsultan"
"2738013";"ULP Pemerintah Daerah Daerah Istimewa Yogyakarta";"PT Kala Prana konsultan"
"2736013";"ULP Pemerintah Daerah Daerah Istimewa Yogyakarta";"PT Kala Prana konsultan"
"2710013";"ULP Pemerintah Daerah Daerah Istimewa Yogyakarta";"PT Kala Prana konsultan"
"2659013";"ULP Pemerintah Daerah Daerah Istimewa Yogyakarta";"PT Kala Prana konsultan"
"2649013";"ULP Pemerintah Daerah Daerah Istimewa Yogyakarta";"PT Kala Prana konsultan"
"2592013";"ULP Pemerintah Daerah Daerah Istimewa Yogyakarta";"PT Kala Prana konsultan"
"2431013";"ULP Pemerintah Daerah Daerah Istimewa Yogyakarta";"PT Kala Prana konsultan"
"2204013";"Balai Bahasa Yogyakarta";"PT Kala Prana konsultan"
"2174013";"ULP Pemerintah Daerah Daerah Istimewa Yogyakarta";"PT Kala Prana konsultan"
"2126013";"ULP Pemerintah Daerah Daerah Istimewa Yogyakarta";"PT Kala Prana konsultan"
"2063013";"ULP Pemerintah Daerah Daerah Istimewa Yogyakarta";"PT Kala Prana konsultan"
"2037013";"Pemerintah Kabupaten Gunungkidul";"PT Kala Prana konsultan"
"1926013";"ULP Pemerintah Daerah Daerah Istimewa Yogyakarta";"PT Kala Prana konsultan"
"1874013";"Pemerintah Kabupaten Gunungkidul";"PT Kala Prana konsultan"
"1789013";"Sekolah Menengah Kejuruan SMTI Yogyakarta";"PT Kala Prana konsultan"
"1601013";"ULP Pemerintah Daerah Daerah Istimewa Yogyakarta";"PT Kala Prana konsultan"
"1324013";"ULP Pemerintah Daerah Daerah Istimewa Yogyakarta";"PT Kala Prana konsultan"
"1104013";"ULP Pemerintah Daerah Daerah Istimewa Yogyakarta";"PT Kala Prana konsultan"
"843013";"Pemerintah Kabupaten Gunungkidul";"PT Kala Prana konsultan"
"826013";"ULP Pemerintah Daerah Daerah Istimewa Yogyakarta";"PT Kala Prana konsultan"
"3416021";"Pemerintah Daerah Kota Yogyakarta";"PT Kala Prana konsultan"
"3354021";"Kementerian Riset, Teknologi, dan Pendidikan Tinggi";"PT Kala Prana konsultan"
"3301021";"Kementerian Riset, Teknologi, dan Pendidikan Tinggi";"PT Kala Prana konsultan"
"2292021";;"PT Kala Prana konsultan"
"2290021";"Pemerintah Daerah Kota Yogyakarta";"PT Kala Prana konsultan"
"2275021";;"PT Kala Prana konsultan"
"2272021";"Pusat Pengembangan SDM Reg Yogyakarta";"PT Kala Prana konsultan"
"2017021";;"PT Kala Prana konsultan"
"1991021";;"PT Kala Prana konsultan"
"1846021";;"PT Kala Prana konsultan"
"1845021";;"PT Kala Prana konsultan"
"1824021";;"PT Kala Prana konsultan"
"1811021";"Universitas Negeri Yogyakarta";"PT Kala Prana konsultan"
"1772021";;"PT Kala Prana konsultan"
"1756021";"Balai Besar Kesehatan Paru Masyarakat Surakarta";"PT Kala Prana konsultan"
"1750021";;"PT Kala Prana konsultan"
"1749021";;"PT Kala Prana konsultan"
"1550021";"Museum Beteng Vredeburg Yogyakarta";"PT Kala Prana konsultan"
"1295021";;"PT Kala Prana konsultan"
"1292021";;"PT Kala Prana konsultan"
"1285021";"Universitas Negeri Yogyakarta";"PT Kala Prana konsultan"
"1279021";;"PT Kala Prana konsultan"
"1268021";"Institut Seni Indonesia Yogyakarta";"PT Kala Prana konsultan"
"1266021";;"PT Kala Prana konsultan"
"1223021";;"PT Kala Prana konsultan"
"1174021";;"PT Kala Prana konsultan"
"1170021";"Balai Besar Kesehatan Paru Masyarakat Surakarta";"PT Kala Prana konsultan"
"779021";;"PT Kala Prana konsultan"
"735021";;"PT Kala Prana konsultan"
"710021";;"PT Kala Prana konsultan"
"343021";;"PT Kala Prana konsultan"
"820621";"Pemerintah Daerah Kabupaten Gunung Kidul";"PT Kala Prana konsultan"
"817621";"Pemerintah Daerah Kabupaten Gunung Kidul";"PT Kala Prana konsultan"
"467621";"Pemerintah Kabupaten Gunungkidul";"PT Kala Prana konsultan"
"302621";"Pemerintah Kabupaten Gunungkidul";"PT Kala Prana konsultan"
"213621";"Pemerintah Kabupaten Gunungkidul";"PT Kala Prana konsultan"
"105621";"Pemerintah Kabupaten Gunungkidul";"PT Kala Prana konsultan"
"40621";"Pemerintah Kabupaten Gunungkidul";"PT Kala Prana konsultan"
"33621";"Pemerintah Kabupaten Gunungkidul";"PT Kala Prana konsultan"
"213621";"Pemerintah Kabupaten Gunungkidul";"PT Kala Prana konsultan"
"105621";"Pemerintah Kabupaten Gunungkidul";"PT Kala Prana konsultan"
"40621";"Pemerintah Kabupaten Gunungkidul";"PT Kala Prana konsultan"
"33621";"Pemerintah Kabupaten Gunungkidul";"PT Kala Prana konsultan"
"1086285";"UNIT LAYANAN PENGADAAN PEMERINTAH KABUPATEN BANTUL";"PT Kala Prana konsultan"
"674285";"UNIT LAYANAN PENGADAAN PEMERINTAH KABUPATEN BANTUL";"PT Kala Prana konsultan"
"673285";"UNIT LAYANAN PENGADAAN PEMERINTAH KABUPATEN BANTUL";"PT Kala Prana konsultan"
"171285";"Pemerintah Kabupaten Bantul";"PT Kala Prana konsultan"
"2712054";"Pemerintah Daerah Kabupaten Sleman";"CV. Multi Citra Graha"
"2708054";"Pemerintah Daerah Kabupaten Sleman";"CV. Multi Citra Graha"
"2706054";"Pemerintah Daerah Kabupaten Sleman";"CV. Multi Citra Graha"
"2704054";"Pemerintah Daerah Kabupaten Sleman";"CV. Multi Citra Graha"
"2698054";"Pemerintah Daerah Kabupaten Sleman";"CV. Multi Citra Graha"
"2694054";"Pemerintah Daerah Kabupaten Sleman";"CV. Multi Citra Graha"
"2656054";"Pemerintah Daerah Kabupaten Sleman";"CV. Multi Citra Graha"
"2487054";"Pemerintah Daerah Kabupaten Sleman";"CV. Multi Citra Graha"
"2462054";"Pemerintah Daerah Kabupaten Sleman";"CV. Multi Citra Graha"
"2437054";"Pemerintah Daerah Kabupaten Sleman";"CV. Multi Citra Graha"
"2406054";"Pemerintah Daerah Kabupaten Sleman";"CV. Multi Citra Graha"
"2368054";"Pemerintah Daerah Kabupaten Sleman";"CV. Multi Citra Graha"
"2318054";"Pemerintah Daerah Kabupaten Sleman";"CV. Multi Citra Graha"
"2264054";"Pemerintah Daerah Kabupaten Sleman";"CV. Multi Citra Graha"
"2213054";"Pemerintah Daerah Kabupaten Sleman";"CV. Multi Citra Graha"
"2203054";"Pemerintah Daerah Kabupaten Sleman";"CV. Multi Citra Graha"
"2197054";"Pemerintah Daerah Kabupaten Sleman";"CV. Multi Citra Graha"
"1980054";"Unit Layanan Pengadaan";"CV. Multi Citra Graha"
"1924054";"Unit Layanan Pengadaan";"CV. Multi Citra Graha"
"1923054";"Unit Layanan Pengadaan";"CV. Multi Citra Graha"
"1838054";"Unit Layanan Pengadaan";"CV. Multi Citra Graha"
"1802054";"Instansi Vertika,BUMD  dan  Organisasi Lain Kabupaten Sleman";"CV. Multi Citra Graha"
"1785054";"Unit Layanan Pengadaan";"CV. Multi Citra Graha"
"1736054";"Unit Layanan Pengadaan";"CV. Multi Citra Graha"
"1724054";"Unit Layanan Pengadaan";"CV. Multi Citra Graha"
"1722054";"Unit Layanan Pengadaan";"CV. Multi Citra Graha"
"1426054";"Unit Layanan Pengadaan";"CV. Multi Citra Graha"
"1287054";"Unit Layanan Pengadaan";"CV. Multi Citra Graha"
"1284054";"Unit Layanan Pengadaan";"CV. Multi Citra Graha"
"1278054";"Unit Layanan Pengadaan";"CV. Multi Citra Graha"
"924054";"Unit Layanan Pengadaan";"CV. Multi Citra Graha"
"896054";"Unit Layanan Pengadaan";"CV. Multi Citra Graha"
"886054";"Unit Layanan Pengadaan";"CV. Multi Citra Graha"
"883054";"Unit Layanan Pengadaan";"CV. Multi Citra Graha"
"727054";"Pemerintah Kabupaten Sleman";"CV. Multi Citra Graha"
"700054";"Pemerintah Kabupaten Sleman";"CV. Multi Citra Graha"
"617054";"Pemerintah Kabupaten Sleman";"CV. Multi Citra Graha"
"569054";"Pemerintah Kabupaten Sleman";"CV. Multi Citra Graha"
"565054";"Pemerintah Kabupaten Sleman";"CV. Multi Citra Graha"
"542054";"Pemerintah Kabupaten Sleman";"CV. Multi Citra Graha"
"529054";"Pemerintah Kabupaten Sleman";"CV. Multi Citra Graha"
"528054";"Pemerintah Kabupaten Sleman";"CV. Multi Citra Graha"
"520054";"Pemerintah Kabupaten Sleman";"CV. Multi Citra Graha"
"519054";"Pemerintah Kabupaten Sleman";"CV. Multi Citra Graha"
"175054";"Pemerintah Kabupaten Sleman";"CV. Multi Citra Graha"
"75054";"Pemerintah Kabupaten Sleman";"CV. Multi Citra Graha"
"72054";"Pemerintah Kabupaten Sleman";"CV. Multi Citra Graha"
"1828367";"Pemerintah Daerah Kabupaten Kulon Progo";"CV. Multi Citra Graha"
"1758367";"Pemerintah Daerah Kabupaten Kulon Progo";"CV. Multi Citra Graha"
"1736367";"Pemerintah Daerah Kabupaten Kulon Progo";"CV. Multi Citra Graha"
"1735367";"Pemerintah Daerah Kabupaten Kulon Progo";"CV. Multi Citra Graha"
"1734367";"Pemerintah Daerah Kabupaten Kulon Progo";"CV. Multi Citra Graha"
"1716367";"Pemerintah Daerah Kabupaten Kulon Progo";"CV. Multi Citra Graha"
"1687367";"Pemerintah Daerah Kabupaten Kulon Progo";"CV. Multi Citra Graha"
"1589367";"Pemerintah Daerah Kabupaten Kulon Progo";"CV. Multi Citra Graha"
"1563367";"Pemerintah Daerah Kabupaten Kulon Progo";"CV. Multi Citra Graha"
"1454367";"Pemerintah Daerah Kabupaten Kulon Progo";"CV. Multi Citra Graha"
"1445367";"Pemerintah Daerah Kabupaten Kulon Progo";"CV. Multi Citra Graha"
"1437367";"Pemerintah Daerah Kabupaten Kulon Progo";"CV. Multi Citra Graha"
"1434367";"Pemerintah Daerah Kabupaten Kulon Progo";"CV. Multi Citra Graha"
"1400367";"Pemerintah Kabupaten Kulon Progo";"CV. Multi Citra Graha"
"1263367";"Pemerintah Kabupaten Kulon Progo";"CV. Multi Citra Graha"
"1210367";"Pemerintah Kabupaten Kulon Progo";"CV. Multi Citra Graha"
"1113367";"Pemerintah Kabupaten Kulon Progo";"CV. Multi Citra Graha"
"1112367";"Pemerintah Kabupaten Kulon Progo";"CV. Multi Citra Graha"
"943367";"Pemerintah Kabupaten Kulon Progo";"CV. Multi Citra Graha"
"822367";"Pemerintah Kabupaten Kulon Progo";"CV. Multi Citra Graha"
"736367";"Pemerintah Kabupaten Kulon Progo";"CV. Multi Citra Graha"
"735367";"Pemerintah Kabupaten Kulon Progo";"CV. Multi Citra Graha"
"714367";"Pemerintah Kabupaten Kulon Progo";"CV. Multi Citra Graha"
"439367";"Pemerintah Kabupaten Kulon Progo";"CV. Multi Citra Graha"
"431367";"Pemerintah Kabupaten Kulon Progo";"CV. Multi Citra Graha"
"381367";"Pemerintah Kabupaten Kulon Progo";"CV. Multi Citra Graha"
"374367";"Pemerintah Kabupaten Kulon Progo";"CV. Multi Citra Graha"
"6585013";"Pemerintah Daerah Provinsi D. I. Yogyakarta";"CV. Multi Citra Graha"
"6485013";"Pemerintah Daerah Provinsi D. I. Yogyakarta";"CV. Multi Citra Graha"
"6302013";"Pemerintah Daerah Provinsi D. I. Yogyakarta";"CV. Multi Citra Graha"
"6272013";"Pemerintah Daerah Provinsi D. I. Yogyakarta";"CV. Multi Citra Graha"
"6220013";"Pemerintah Daerah Provinsi D. I. Yogyakarta";"CV. Multi Citra Graha"
"6087013";"Pemerintah Daerah Provinsi D. I. Yogyakarta";"CV. Multi Citra Graha"
"6058013";"Pemerintah Daerah Provinsi D. I. Yogyakarta";"CV. Multi Citra Graha"
"5892013";"Pemerintah Daerah Provinsi D. I. Yogyakarta";"CV. Multi Citra Graha"
"5624013";"Pemerintah Daerah Provinsi D. I. Yogyakarta";"CV. Multi Citra Graha"
"5202013";"Pemerintah Daerah Provinsi D. I. Yogyakarta";"CV. Multi Citra Graha"
"5152013";"Pemerintah Daerah Provinsi D. I. Yogyakarta";"CV. Multi Citra Graha"
"5049013";"Pemerintah Daerah Provinsi D. I. Yogyakarta";"CV. Multi Citra Graha"
"4903013";"Pemerintah Daerah Provinsi D. I. Yogyakarta";"CV. Multi Citra Graha"
"4873013";"Pemerintah Daerah Provinsi D. I. Yogyakarta";"CV. Multi Citra Graha"
"4863013";"Pemerintah Daerah Provinsi D. I. Yogyakarta";"CV. Multi Citra Graha"
"4768013";"Pemerintah Daerah Provinsi D. I. Yogyakarta";"CV. Multi Citra Graha"
"4586013";"Pemerintah Daerah Provinsi D. I. Yogyakarta";"CV. Multi Citra Graha"
"4526013";"Pemerintah Daerah Provinsi D. I. Yogyakarta";"CV. Multi Citra Graha"
"4399013";"Pemerintah Daerah Provinsi D. I. Yogyakarta";"CV. Multi Citra Graha"
"4293013";"Pemerintah Daerah Provinsi D. I. Yogyakarta";"CV. Multi Citra Graha"
"4285013";"ULP Pemerintah Daerah Daerah Istimewa Yogyakarta";"CV. Multi Citra Graha"
"3937013";"ULP Pemerintah Daerah Daerah Istimewa Yogyakarta";"CV. Multi Citra Graha"
"3934013";"ULP Pemerintah Daerah Daerah Istimewa Yogyakarta";"CV. Multi Citra Graha"
"3758013";"ULP Pemerintah Daerah Daerah Istimewa Yogyakarta";"CV. Multi Citra Graha"
"3749013";"ULP Pemerintah Daerah Daerah Istimewa Yogyakarta";"CV. Multi Citra Graha"
"3705013";"ULP Pemerintah Daerah Daerah Istimewa Yogyakarta";"CV. Multi Citra Graha"
"3439013";"ULP Pemerintah Daerah Daerah Istimewa Yogyakarta";"CV. Multi Citra Graha"
"3432013";"ULP Pemerintah Daerah Daerah Istimewa Yogyakarta";"CV. Multi Citra Graha"
"3368013";"ULP Pemerintah Daerah Daerah Istimewa Yogyakarta";"CV. Multi Citra Graha"
"3365013";"ULP Pemerintah Daerah Daerah Istimewa Yogyakarta";"CV. Multi Citra Graha"
"2724013";"ULP Pemerintah Daerah Daerah Istimewa Yogyakarta";"CV. Multi Citra Graha"
"2686013";"ULP Pemerintah Daerah Daerah Istimewa Yogyakarta";"CV. Multi Citra Graha"
"2629013";"ULP Pemerintah Daerah Daerah Istimewa Yogyakarta";"CV. Multi Citra Graha"
"2522013";"ULP Pemerintah Daerah Daerah Istimewa Yogyakarta";"CV. Multi Citra Graha"
"2444013";"ULP Pemerintah Daerah Daerah Istimewa Yogyakarta";"CV. Multi Citra Graha"
"2236013";"ULP Pemerintah Daerah Daerah Istimewa Yogyakarta";"CV. Multi Citra Graha"
"1925013";"ULP Pemerintah Daerah Daerah Istimewa Yogyakarta";"CV. Multi Citra Graha"
"1755013";"ULP Pemerintah Daerah Daerah Istimewa Yogyakarta";"CV. Multi Citra Graha"
"1732013";"PENGADILAN TATA USAHA NEGARA YOGYAKARTA";"CV. Multi Citra Graha"
"1521013";"ULP Pemerintah Daerah Daerah Istimewa Yogyakarta";"CV. Multi Citra Graha"
"1511013";"ULP Pemerintah Daerah Daerah Istimewa Yogyakarta";"CV. Multi Citra Graha"
"1243013";"ULP Pemerintah Daerah Daerah Istimewa Yogyakarta";"CV. Multi Citra Graha"
"3330021";"Pemerintah Daerah Kota Yogyakarta";"CV. Multi Citra Graha"
"3276021";"Pemerintah Daerah Kota Yogyakarta";"CV. Multi Citra Graha"
"3232021";"Pemerintah Daerah Kota Yogyakarta";"CV. Multi Citra Graha"
"2720054";"Pemerintah Daerah Kabupaten Sleman";"PT. Tri Patra Konsultan"
"2710054";"Pemerintah Daerah Kabupaten Sleman";"PT. Tri Patra Konsultan"
"2702054";"Pemerintah Daerah Kabupaten Sleman";"PT. Tri Patra Konsultan"
"2655054";"Pemerintah Daerah Kabupaten Sleman";"PT. Tri Patra Konsultan"
"2635054";"Pemerintah Daerah Kabupaten Sleman";"PT. Tri Patra Konsultan"
"2560054";"Pemerintah Daerah Kabupaten Sleman";"PT. Tri Patra Konsultan"
"2559054";"Pemerintah Daerah Kabupaten Sleman";"PT. Tri Patra Konsultan"
"2463054";"Pemerintah Daerah Kabupaten Sleman";"PT. Tri Patra Konsultan"
"2404054";"Pemerintah Daerah Kabupaten Sleman";"PT. Tri Patra Konsultan"
"2241054";"Pemerintah Daerah Kabupaten Sleman";"PT. Tri Patra Konsultan"
"2094054";"Unit Layanan Pengadaan";"PT. Tri Patra Konsultan"
"1865054";"Unit Layanan Pengadaan";"PT. Tri Patra Konsultan"
"1500054";"Unit Layanan Pengadaan";"PT. Tri Patra Konsultan"
"1731367";"Pemerintah Daerah Kabupaten Kulon Progo";"PT. Tri Patra Konsultan"
"1685367";"Pemerintah Daerah Kabupaten Kulon Progo";"PT. Tri Patra Konsultan"
"1462367";"Pemerintah Daerah Provinsi D. I. Yogyakarta";"PT. Tri Patra Konsultan"
"1433367";"Pemerintah Kabupaten Kulon Progo";"PT. Tri Patra Konsultan"
"1407367";"Pemerintah Kabupaten Kulon Progo";"PT. Tri Patra Konsultan"
"1275367";"Pemerintah Kabupaten Kulon Progo";"PT. Tri Patra Konsultan"
"1191367";"Pemerintah Kabupaten Kulon Progo";"PT. Tri Patra Konsultan"
"1135367";"Pemerintah Kabupaten Kulon Progo";"PT. Tri Patra Konsultan"
"6520013";"Kementerian Komunikasi Dan Informatika";"PT. Tri Patra Konsultan"
"6345013";"Pemerintah Daerah Provinsi D. I. Yogyakarta";"PT. Tri Patra Konsultan"
"6253013";"Pemerintah Daerah Provinsi D. I. Yogyakarta";"PT. Tri Patra Konsultan"
"6251013";"Pemerintah Daerah Provinsi D. I. Yogyakarta";"PT. Tri Patra Konsultan"
"6247013";"Pemerintah Daerah Provinsi D. I. Yogyakarta";"PT. Tri Patra Konsultan"
"6208013";"Pemerintah Daerah Provinsi D. I. Yogyakarta";"PT. Tri Patra Konsultan"
"6202013";"Pemerintah Daerah Provinsi D. I. Yogyakarta";"PT. Tri Patra Konsultan"
"6199013";"Pemerintah Daerah Provinsi D. I. Yogyakarta";"PT. Tri Patra Konsultan"
"6189013";"Pemerintah Daerah Provinsi D. I. Yogyakarta";"PT. Tri Patra Konsultan"
"6155013";"Pemerintah Daerah Provinsi D. I. Yogyakarta";"PT. Tri Patra Konsultan"
"6152013";"Pemerintah Daerah Provinsi D. I. Yogyakarta";"PT. Tri Patra Konsultan"
"6143013";"Pemerintah Daerah Provinsi D. I. Yogyakarta";"PT. Tri Patra Konsultan"
"6128013";"Pemerintah Daerah Provinsi D. I. Yogyakarta";"PT. Tri Patra Konsultan"
"6106013";"Pemerintah Daerah Provinsi D. I. Yogyakarta";"PT. Tri Patra Konsultan"
"6088013";"Pemerintah Daerah Provinsi D. I. Yogyakarta";"PT. Tri Patra Konsultan"
"6012013";"Pemerintah Daerah Provinsi D. I. Yogyakarta";"PT. Tri Patra Konsultan"
"5876013";"Pemerintah Daerah Provinsi D. I. Yogyakarta";"PT. Tri Patra Konsultan"
"5837013";"Pemerintah Daerah Provinsi D. I. Yogyakarta";"PT. Tri Patra Konsultan"
"5800013";"Pemerintah Daerah Provinsi D. I. Yogyakarta";"PT. Tri Patra Konsultan"
"5754013";"Pemerintah Daerah Provinsi D. I. Yogyakarta";"PT. Tri Patra Konsultan"
"5715013";"Pemerintah Daerah Provinsi D. I. Yogyakarta";"PT. Tri Patra Konsultan"
"5712013";"Pemerintah Daerah Provinsi D. I. Yogyakarta";"PT. Tri Patra Konsultan"
"5711013";"Pemerintah Daerah Provinsi D. I. Yogyakarta";"PT. Tri Patra Konsultan"
"5708013";"Pemerintah Daerah Provinsi D. I. Yogyakarta";"PT. Tri Patra Konsultan"
"5656013";"Pemerintah Daerah Provinsi D. I. Yogyakarta";"PT. Tri Patra Konsultan"
"5627013";"Pemerintah Daerah Provinsi D. I. Yogyakarta";"PT. Tri Patra Konsultan"
"5623013";"Pemerintah Daerah Provinsi D. I. Yogyakarta";"PT. Tri Patra Konsultan"
"5589013";"Pemerintah Daerah Provinsi D. I. Yogyakarta";"PT. Tri Patra Konsultan"
"5572013";"Pemerintah Daerah Provinsi D. I. Yogyakarta";"PT. Tri Patra Konsultan"
"5560013";"Pemerintah Daerah Provinsi D. I. Yogyakarta";"PT. Tri Patra Konsultan"
"5413013";"Pemerintah Daerah Provinsi D. I. Yogyakarta";"PT. Tri Patra Konsultan"
"5399013";"Pemerintah Daerah Provinsi D. I. Yogyakarta";"PT. Tri Patra Konsultan"
"5388013";"Pemerintah Daerah Provinsi D. I. Yogyakarta";"PT. Tri Patra Konsultan"
"5383013";"Pemerintah Daerah Provinsi D. I. Yogyakarta";"PT. Tri Patra Konsultan"
"5280013";"Pemerintah Daerah Provinsi D. I. Yogyakarta";"PT. Tri Patra Konsultan"
"5247013";"Pemerintah Daerah Provinsi D. I. Yogyakarta";"PT. Tri Patra Konsultan"
"5235013";"Pemerintah Daerah Provinsi D. I. Yogyakarta";"PT. Tri Patra Konsultan"
"5232013";"Pemerintah Daerah Provinsi D. I. Yogyakarta";"PT. Tri Patra Konsultan"
"5228013";"Pemerintah Daerah Provinsi D. I. Yogyakarta";"PT. Tri Patra Konsultan"
"5195013";"Pemerintah Daerah Provinsi D. I. Yogyakarta";"PT. Tri Patra Konsultan"
"5175013";"Pemerintah Daerah Provinsi D. I. Yogyakarta";"PT. Tri Patra Konsultan"
"5047013";"Pemerintah Daerah Provinsi D. I. Yogyakarta";"PT. Tri Patra Konsultan"
"5045013";"Pemerintah Daerah Provinsi D. I. Yogyakarta";"PT. Tri Patra Konsultan"
"5001013";"Pemerintah Daerah Provinsi D. I. Yogyakarta";"PT. Tri Patra Konsultan"
"4896013";"Pemerintah Daerah Provinsi D. I. Yogyakarta";"PT. Tri Patra Konsultan"
"4890013";"Pemerintah Daerah Provinsi D. I. Yogyakarta";"PT. Tri Patra Konsultan"
"4808013";"Pemerintah Daerah Provinsi D. I. Yogyakarta";"PT. Tri Patra Konsultan"
"4713013";"Pemerintah Daerah Provinsi D. I. Yogyakarta";"PT. Tri Patra Konsultan"
"4695013";"Pemerintah Daerah Provinsi D. I. Yogyakarta";"PT. Tri Patra Konsultan"
"4673013";"Pemerintah Daerah Provinsi D. I. Yogyakarta";"PT. Tri Patra Konsultan"
"4667013";"Pemerintah Daerah Provinsi D. I. Yogyakarta";"PT. Tri Patra Konsultan"
"4629013";"Pemerintah Daerah Provinsi D. I. Yogyakarta";"PT. Tri Patra Konsultan"
"4627013";"Pemerintah Daerah Provinsi D. I. Yogyakarta";"PT. Tri Patra Konsultan"
"4600013";"Pemerintah Daerah Provinsi D. I. Yogyakarta";"PT. Tri Patra Konsultan"
"4529013";"Pemerintah Daerah Provinsi D. I. Yogyakarta";"PT. Tri Patra Konsultan"
"4519013";"Pemerintah Daerah Provinsi D. I. Yogyakarta";"PT. Tri Patra Konsultan"
"4516013";"Pemerintah Daerah Provinsi D. I. Yogyakarta";"PT. Tri Patra Konsultan"
"4372013";"Pemerintah Daerah Provinsi D. I. Yogyakarta";"PT. Tri Patra Konsultan"
"4308013";"Pemerintah Daerah Provinsi D. I. Yogyakarta";"PT. Tri Patra Konsultan"
"4261013";"ULP Pemerintah Daerah Daerah Istimewa Yogyakarta";"PT. Tri Patra Konsultan"
"4245013";"ULP Pemerintah Daerah Daerah Istimewa Yogyakarta";"PT. Tri Patra Konsultan"
"4244013";"ULP Pemerintah Daerah Daerah Istimewa Yogyakarta";"PT. Tri Patra Konsultan"
"3913013";"ULP Pemerintah Daerah Daerah Istimewa Yogyakarta";"PT. Tri Patra Konsultan"
"3804013";"ULP Pemerintah Daerah Daerah Istimewa Yogyakarta";"PT. Tri Patra Konsultan"
"3781013";"ULP Pemerintah Daerah Daerah Istimewa Yogyakarta";"PT. Tri Patra Konsultan"
"3754013";"ULP Pemerintah Daerah Daerah Istimewa Yogyakarta";"PT. Tri Patra Konsultan"
"3724013";"ULP Pemerintah Daerah Daerah Istimewa Yogyakarta";"PT. Tri Patra Konsultan"
"3714013";"ULP Pemerintah Daerah Daerah Istimewa Yogyakarta";"PT. Tri Patra Konsultan"
"3556013";"ULP Pemerintah Daerah Daerah Istimewa Yogyakarta";"PT. Tri Patra Konsultan"
"3495013";"ULP Pemerintah Daerah Daerah Istimewa Yogyakarta";"PT. Tri Patra Konsultan"
"3489013";"ULP Pemerintah Daerah Daerah Istimewa Yogyakarta";"PT. Tri Patra Konsultan"
"3388013";"ULP Pemerintah Daerah Daerah Istimewa Yogyakarta";"PT. Tri Patra Konsultan"
"3375013";"ULP Pemerintah Daerah Daerah Istimewa Yogyakarta";"PT. Tri Patra Konsultan"
"3347013";"ULP Pemerintah Daerah Daerah Istimewa Yogyakarta";"PT. Tri Patra Konsultan"
"3271013";"ULP Pemerintah Daerah Daerah Istimewa Yogyakarta";"PT. Tri Patra Konsultan"
"3172013";"ULP Pemerintah Daerah Daerah Istimewa Yogyakarta";"PT. Tri Patra Konsultan"
"2907013";"ULP Pemerintah Daerah Daerah Istimewa Yogyakarta";"PT. Tri Patra Konsultan"
"2544013";"ULP Pemerintah Daerah Daerah Istimewa Yogyakarta";"PT. Tri Patra Konsultan"
"2498013";"ULP Pemerintah Daerah Daerah Istimewa Yogyakarta";"PT. Tri Patra Konsultan"
"2455013";"ULP Pemerintah Daerah Daerah Istimewa Yogyakarta";"PT. Tri Patra Konsultan"
"3564021";"Kementerian Pendidikan dan Kebudayaan";"PT. Tri Patra Konsultan"
"1079285";"UNIT LAYANAN PENGADAAN PEMERINTAH KABUPATEN BANTUL";"PT. Tri Patra Konsultan"
"2935054";"Pemerintah Daerah Kabupaten Sleman";"CV. REKA KUSUMA BUANA"
"2727054";"Pemerintah Daerah Kabupaten Sleman";"CV. REKA KUSUMA BUANA"
"2658054";"Pemerintah Daerah Kabupaten Sleman";"CV. REKA KUSUMA BUANA"
"2106054";"Unit Layanan Pengadaan";"CV. REKA KUSUMA BUANA"
"2063054";"Unit Layanan Pengadaan";"CV. REKA KUSUMA BUANA"
"2027054";"Unit Layanan Pengadaan";"CV. REKA KUSUMA BUANA"
"976054";"Unit Layanan Pengadaan";"CV. REKA KUSUMA BUANA"
"1854367";"Pemerintah Daerah Provinsi D. I. Yogyakarta";"CV. REKA KUSUMA BUANA"
"1732367";"Pemerintah Daerah Kabupaten Kulon Progo";"CV. REKA KUSUMA BUANA"
"1686367";"Pemerintah Daerah Kabupaten Kulon Progo";"CV. REKA KUSUMA BUANA"
"1588367";"Pemerintah Daerah Kabupaten Kulon Progo";"CV. REKA KUSUMA BUANA"
"1524367";"Pemerintah Daerah Kabupaten Kulon Progo";"CV. REKA KUSUMA BUANA"
"1458367";"Pemerintah Daerah Kabupaten Kulon Progo";"CV. REKA KUSUMA BUANA"
"1372367";"Pemerintah Kabupaten Kulon Progo";"CV. REKA KUSUMA BUANA"
"1267367";"Pemerintah Kabupaten Kulon Progo";"CV. REKA KUSUMA BUANA"
"1125367";"Pemerintah Kabupaten Kulon Progo";"CV. REKA KUSUMA BUANA"
"731367";"Pemerintah Kabupaten Kulon Progo";"CV. REKA KUSUMA BUANA"
"605367";"Pemerintah Kabupaten Kulon Progo";"CV. REKA KUSUMA BUANA"
"438367";"Pemerintah Kabupaten Kulon Progo";"CV. REKA KUSUMA BUANA"
"6472013";"Pemerintah Daerah Provinsi D. I. Yogyakarta";"CV. REKA KUSUMA BUANA"
"6418013";"Pemerintah Daerah Provinsi D. I. Yogyakarta";"CV. REKA KUSUMA BUANA"
"6383013";"Pemerintah Daerah Provinsi D. I. Yogyakarta";"CV. REKA KUSUMA BUANA"
"6340013";"Pemerintah Daerah Provinsi D. I. Yogyakarta";"CV. REKA KUSUMA BUANA"
"6263013";"Pemerintah Daerah Provinsi D. I. Yogyakarta";"CV. REKA KUSUMA BUANA"
"6250013";"Pemerintah Daerah Provinsi D. I. Yogyakarta";"CV. REKA KUSUMA BUANA"
"6193013";"Pemerintah Daerah Provinsi D. I. Yogyakarta";"CV. REKA KUSUMA BUANA"
"6181013";"Pemerintah Daerah Provinsi D. I. Yogyakarta";"CV. REKA KUSUMA BUANA"
"6163013";"Pemerintah Daerah Provinsi D. I. Yogyakarta";"CV. REKA KUSUMA BUANA"
"6129013";"Pemerintah Daerah Provinsi D. I. Yogyakarta";"CV. REKA KUSUMA BUANA"
"5569013";"Pemerintah Daerah Provinsi D. I. Yogyakarta";"CV. REKA KUSUMA BUANA"
"5555013";"Pemerintah Daerah Provinsi D. I. Yogyakarta";"CV. REKA KUSUMA BUANA"
"5409013";"Pemerintah Daerah Provinsi D. I. Yogyakarta";"CV. REKA KUSUMA BUANA"
"5398013";"Pemerintah Daerah Provinsi D. I. Yogyakarta";"CV. REKA KUSUMA BUANA"
"5300013";"Pemerintah Daerah Provinsi D. I. Yogyakarta";"CV. REKA KUSUMA BUANA"
"5293013";"Pemerintah Daerah Provinsi D. I. Yogyakarta";"CV. REKA KUSUMA BUANA"
"5275013";"Pemerintah Daerah Provinsi D. I. Yogyakarta";"CV. REKA KUSUMA BUANA"
"5268013";"Pemerintah Daerah Provinsi D. I. Yogyakarta";"CV. REKA KUSUMA BUANA"
"5171013";"Pemerintah Daerah Provinsi D. I. Yogyakarta";"CV. REKA KUSUMA BUANA"
"5151013";"Pemerintah Daerah Provinsi D. I. Yogyakarta";"CV. REKA KUSUMA BUANA"
"5148013";"Pemerintah Daerah Provinsi D. I. Yogyakarta";"CV. REKA KUSUMA BUANA"
"5048013";"Pemerintah Daerah Provinsi D. I. Yogyakarta";"CV. REKA KUSUMA BUANA"
"4985013";"Pemerintah Daerah Provinsi D. I. Yogyakarta";"CV. REKA KUSUMA BUANA"
"4930013";"Pemerintah Daerah Provinsi D. I. Yogyakarta";"CV. REKA KUSUMA BUANA"
"4683013";"Pemerintah Daerah Provinsi D. I. Yogyakarta";"CV. REKA KUSUMA BUANA"
"4664013";"Pemerintah Daerah Provinsi D. I. Yogyakarta";"CV. REKA KUSUMA BUANA"
"4580013";"Pemerintah Daerah Provinsi D. I. Yogyakarta";"CV. REKA KUSUMA BUANA"
"4520013";"Pemerintah Daerah Provinsi D. I. Yogyakarta";"CV. REKA KUSUMA BUANA"
"4428013";"Pemerintah Daerah Provinsi D. I. Yogyakarta";"CV. REKA KUSUMA BUANA"
"4358013";"Pemerintah Daerah Provinsi D. I. Yogyakarta";"CV. REKA KUSUMA BUANA"
"4354013";"Pemerintah Daerah Provinsi D. I. Yogyakarta";"CV. REKA KUSUMA BUANA"
"4328013";"Pemerintah Daerah Provinsi D. I. Yogyakarta";"CV. REKA KUSUMA BUANA"
"4295013";"Pemerintah Daerah Provinsi D. I. Yogyakarta";"CV. REKA KUSUMA BUANA"
"4260013";"ULP Pemerintah Daerah Daerah Istimewa Yogyakarta";"CV. REKA KUSUMA BUANA"
"4258013";"ULP Pemerintah Daerah Daerah Istimewa Yogyakarta";"CV. REKA KUSUMA BUANA"
"4242013";"ULP Pemerintah Daerah Daerah Istimewa Yogyakarta";"CV. REKA KUSUMA BUANA"
"4058013";"ULP Pemerintah Daerah Daerah Istimewa Yogyakarta";"CV. REKA KUSUMA BUANA"
"3914013";"ULP Pemerintah Daerah Daerah Istimewa Yogyakarta";"CV. REKA KUSUMA BUANA"
"3748013";"ULP Pemerintah Daerah Daerah Istimewa Yogyakarta";"CV. REKA KUSUMA BUANA"
"3727013";"ULP Pemerintah Daerah Daerah Istimewa Yogyakarta";"CV. REKA KUSUMA BUANA"
"3709013";"ULP Pemerintah Daerah Daerah Istimewa Yogyakarta";"CV. REKA KUSUMA BUANA"
"3679013";"ULP Pemerintah Daerah Daerah Istimewa Yogyakarta";"CV. REKA KUSUMA BUANA"
"3657013";"ULP Pemerintah Daerah Daerah Istimewa Yogyakarta";"CV. REKA KUSUMA BUANA"
"3494013";"ULP Pemerintah Daerah Daerah Istimewa Yogyakarta";"CV. REKA KUSUMA BUANA"
"3464013";"ULP Pemerintah Daerah Daerah Istimewa Yogyakarta";"CV. REKA KUSUMA BUANA"
"3428013";"ULP Pemerintah Daerah Daerah Istimewa Yogyakarta";"CV. REKA KUSUMA BUANA"
"3425013";"ULP Pemerintah Daerah Daerah Istimewa Yogyakarta";"CV. REKA KUSUMA BUANA"
"3367013";"ULP Pemerintah Daerah Daerah Istimewa Yogyakarta";"CV. REKA KUSUMA BUANA"
"3366013";"ULP Pemerintah Daerah Daerah Istimewa Yogyakarta";"CV. REKA KUSUMA BUANA"
"3348013";"ULP Pemerintah Daerah Daerah Istimewa Yogyakarta";"CV. REKA KUSUMA BUANA"
"3309013";"ULP Pemerintah Daerah Daerah Istimewa Yogyakarta";"CV. REKA KUSUMA BUANA"
"3219013";"ULP Pemerintah Daerah Daerah Istimewa Yogyakarta";"CV. REKA KUSUMA BUANA"
"3162013";"ULP Pemerintah Daerah Daerah Istimewa Yogyakarta";"CV. REKA KUSUMA BUANA"
"2742013";"ULP Pemerintah Daerah Daerah Istimewa Yogyakarta";"CV. REKA KUSUMA BUANA"
"2657013";"ULP Pemerintah Daerah Daerah Istimewa Yogyakarta";"CV. REKA KUSUMA BUANA"
"2613013";"ULP Pemerintah Daerah Daerah Istimewa Yogyakarta";"CV. REKA KUSUMA BUANA"
"2595013";"ULP Pemerintah Daerah Daerah Istimewa Yogyakarta";"CV. REKA KUSUMA BUANA"
"2546013";"ULP Pemerintah Daerah Daerah Istimewa Yogyakarta";"CV. REKA KUSUMA BUANA"
"2471013";"ULP Pemerintah Daerah Daerah Istimewa Yogyakarta";"CV. REKA KUSUMA BUANA"
"2448013";"ULP Pemerintah Daerah Daerah Istimewa Yogyakarta";"CV. REKA KUSUMA BUANA"
"2445013";"ULP Pemerintah Daerah Daerah Istimewa Yogyakarta";"CV. REKA KUSUMA BUANA"
"2434013";"ULP Pemerintah Daerah Daerah Istimewa Yogyakarta";"CV. REKA KUSUMA BUANA"
"2367013";"ULP Pemerintah Daerah Daerah Istimewa Yogyakarta";"CV. REKA KUSUMA BUANA"
"2284013";"ULP Pemerintah Daerah Daerah Istimewa Yogyakarta";"CV. REKA KUSUMA BUANA"
"2237013";"ULP Pemerintah Daerah Daerah Istimewa Yogyakarta";"CV. REKA KUSUMA BUANA"
"2233013";"ULP Pemerintah Daerah Daerah Istimewa Yogyakarta";"CV. REKA KUSUMA BUANA"
"1637013";"ULP Pemerintah Daerah Daerah Istimewa Yogyakarta";"CV. REKA KUSUMA BUANA"
"1512013";"ULP Pemerintah Daerah Daerah Istimewa Yogyakarta";"CV. REKA KUSUMA BUANA"
"1381013";"ULP Pemerintah Daerah Daerah Istimewa Yogyakarta";"CV. REKA KUSUMA BUANA"
"1244013";"ULP Pemerintah Daerah Daerah Istimewa Yogyakarta";"CV. REKA KUSUMA BUANA"
"1193013";"ULP Pemerintah Daerah Daerah Istimewa Yogyakarta";"CV. REKA KUSUMA BUANA"
"259621";"Pemerintah Kabupaten Gunungkidul";"CV. REKA KUSUMA BUANA"
"1416285";"UNIT LAYANAN PENGADAAN PEMERINTAH KABUPATEN BANTUL";"CV. REKA KUSUMA BUANA"
"1399285";"UNIT LAYANAN PENGADAAN PEMERINTAH KABUPATEN BANTUL";"CV. REKA KUSUMA BUANA"
"2442054";"Pemerintah Daerah Kabupaten Sleman";"CV. CIPTA BUANA SEJATI"
"2035054";"Unit Layanan Pengadaan";"CV. CIPTA BUANA SEJATI"
"1960054";"Unit Layanan Pengadaan";"CV. CIPTA BUANA SEJATI"
"1769054";"Unit Layanan Pengadaan";"CV. CIPTA BUANA SEJATI"
"1718054";"Unit Layanan Pengadaan";"CV. CIPTA BUANA SEJATI"
"1053054";"Unit Layanan Pengadaan";"CV. CIPTA BUANA SEJATI"
"911054";"Unit Layanan Pengadaan";"CV. CIPTA BUANA SEJATI"
"527054";"Pemerintah Kabupaten Sleman";"CV. CIPTA BUANA SEJATI"
"77054";"Pemerintah Kabupaten Sleman";"CV. CIPTA BUANA SEJATI"
"1738367";"Pemerintah Daerah Kabupaten Kulon Progo";"CV. CIPTA BUANA SEJATI"
"1457367";"Pemerintah Daerah Kabupaten Kulon Progo";"CV. CIPTA BUANA SEJATI"
"1451367";"Pemerintah Daerah Kabupaten Kulon Progo";"CV. CIPTA BUANA SEJATI"
"1339367";"Pemerintah Kabupaten Kulon Progo";"CV. CIPTA BUANA SEJATI"
"1244367";"Pemerintah Kabupaten Kulon Progo";"CV. CIPTA BUANA SEJATI"
"1194367";"Pemerintah Kabupaten Kulon Progo";"CV. CIPTA BUANA SEJATI"
"1193367";"Pemerintah Kabupaten Kulon Progo";"CV. CIPTA BUANA SEJATI"
"1130367";"Pemerintah Kabupaten Kulon Progo";"CV. CIPTA BUANA SEJATI"
"1111367";"Pemerintah Kabupaten Kulon Progo";"CV. CIPTA BUANA SEJATI"
"942367";"Pemerintah Kabupaten Kulon Progo";"CV. CIPTA BUANA SEJATI"
"710367";"Pemerintah Kabupaten Kulon Progo";"CV. CIPTA BUANA SEJATI"
"436367";"Pemerintah Kabupaten Kulon Progo";"CV. CIPTA BUANA SEJATI"
"90367";"Pemerintah Kabupaten Kulon Progo";"CV. CIPTA BUANA SEJATI"
"6502013";"Pemerintah Daerah Provinsi D. I. Yogyakarta";"CV. CIPTA BUANA SEJATI"
"6353013";"Pemerintah Daerah Provinsi D. I. Yogyakarta";"CV. CIPTA BUANA SEJATI"
"6293013";"Pemerintah Daerah Provinsi D. I. Yogyakarta";"CV. CIPTA BUANA SEJATI"
"6212013";"Pemerintah Daerah Provinsi D. I. Yogyakarta";"CV. CIPTA BUANA SEJATI"
"6127013";"Pemerintah Daerah Provinsi D. I. Yogyakarta";"CV. CIPTA BUANA SEJATI"
"6121013";"Pemerintah Daerah Provinsi D. I. Yogyakarta";"CV. CIPTA BUANA SEJATI"
"5907013";"Pemerintah Daerah Provinsi D. I. Yogyakarta";"CV. CIPTA BUANA SEJATI"
"5807013";"Pemerintah Daerah Provinsi D. I. Yogyakarta";"CV. CIPTA BUANA SEJATI"
"5755013";"Pemerintah Daerah Provinsi D. I. Yogyakarta";"CV. CIPTA BUANA SEJATI"
"5522013";"Pemerintah Daerah Provinsi D. I. Yogyakarta";"CV. CIPTA BUANA SEJATI"
"5506013";"Pemerintah Daerah Provinsi D. I. Yogyakarta";"CV. CIPTA BUANA SEJATI"
"5316013";"Pemerintah Daerah Provinsi D. I. Yogyakarta";"CV. CIPTA BUANA SEJATI"
"5262013";"Pemerintah Daerah Provinsi D. I. Yogyakarta";"CV. CIPTA BUANA SEJATI"
"5259013";"Pemerintah Daerah Provinsi D. I. Yogyakarta";"CV. CIPTA BUANA SEJATI"
"5197013";"Pemerintah Daerah Provinsi D. I. Yogyakarta";"CV. CIPTA BUANA SEJATI"
"5156013";"Pemerintah Daerah Provinsi D. I. Yogyakarta";"CV. CIPTA BUANA SEJATI"
"4800013";"Pemerintah Daerah Provinsi D. I. Yogyakarta";"CV. CIPTA BUANA SEJATI"
"4753013";"Pemerintah Daerah Provinsi D. I. Yogyakarta";"CV. CIPTA BUANA SEJATI"
"4721013";"Pemerintah Daerah Provinsi D. I. Yogyakarta";"CV. CIPTA BUANA SEJATI"
"4440013";"Pemerintah Daerah Provinsi D. I. Yogyakarta";"CV. CIPTA BUANA SEJATI"
"4374013";"Pemerintah Daerah Provinsi D. I. Yogyakarta";"CV. CIPTA BUANA SEJATI"
"4353013";"Pemerintah Daerah Provinsi D. I. Yogyakarta";"CV. CIPTA BUANA SEJATI"
"4292013";"Pemerintah Daerah Provinsi D. I. Yogyakarta";"CV. CIPTA BUANA SEJATI"
"4259013";"ULP Pemerintah Daerah Daerah Istimewa Yogyakarta";"CV. CIPTA BUANA SEJATI"
"4241013";"ULP Pemerintah Daerah Daerah Istimewa Yogyakarta";"CV. CIPTA BUANA SEJATI"
"3960013";"ULP Pemerintah Daerah Daerah Istimewa Yogyakarta";"CV. CIPTA BUANA SEJATI"
"3840013";"ULP Pemerintah Daerah Daerah Istimewa Yogyakarta";"CV. CIPTA BUANA SEJATI"
"3809013";"ULP Pemerintah Daerah Daerah Istimewa Yogyakarta";"CV. CIPTA BUANA SEJATI"
"3733013";"ULP Pemerintah Daerah Daerah Istimewa Yogyakarta";"CV. CIPTA BUANA SEJATI"
"3690013";"ULP Pemerintah Daerah Daerah Istimewa Yogyakarta";"CV. CIPTA BUANA SEJATI"
"3634013";"ULP Pemerintah Daerah Daerah Istimewa Yogyakarta";"CV. CIPTA BUANA SEJATI"
"3555013";"ULP Pemerintah Daerah Daerah Istimewa Yogyakarta";"CV. CIPTA BUANA SEJATI"
"3221013";"ULP Pemerintah Daerah Daerah Istimewa Yogyakarta";"CV. CIPTA BUANA SEJATI"
"2656013";"ULP Pemerintah Daerah Daerah Istimewa Yogyakarta";"CV. CIPTA BUANA SEJATI"
"2524013";"ULP Pemerintah Daerah Daerah Istimewa Yogyakarta";"CV. CIPTA BUANA SEJATI"
"2437013";"ULP Pemerintah Daerah Daerah Istimewa Yogyakarta";"CV. CIPTA BUANA SEJATI"
"2417013";"ULP Pemerintah Daerah Daerah Istimewa Yogyakarta";"CV. CIPTA BUANA SEJATI"
"2384013";"ULP Pemerintah Daerah Daerah Istimewa Yogyakarta";"CV. CIPTA BUANA SEJATI"
"2369013";"ULP Pemerintah Daerah Daerah Istimewa Yogyakarta";"CV. CIPTA BUANA SEJATI"
"2318013";"ULP Pemerintah Daerah Daerah Istimewa Yogyakarta";"CV. CIPTA BUANA SEJATI"
"1936013";"ULP Pemerintah Daerah Daerah Istimewa Yogyakarta";"CV. CIPTA BUANA SEJATI"
"1931013";"ULP Pemerintah Daerah Daerah Istimewa Yogyakarta";"CV. CIPTA BUANA SEJATI"
"1636013";"ULP Pemerintah Daerah Daerah Istimewa Yogyakarta";"CV. CIPTA BUANA SEJATI"
"1561013";"ULP Pemerintah Daerah Daerah Istimewa Yogyakarta";"CV. CIPTA BUANA SEJATI"
"1523013";"ULP Pemerintah Daerah Daerah Istimewa Yogyakarta";"CV. CIPTA BUANA SEJATI"
"1513013";"ULP Pemerintah Daerah Daerah Istimewa Yogyakarta";"CV. CIPTA BUANA SEJATI"
"1201013";"ULP Pemerintah Daerah Daerah Istimewa Yogyakarta";"CV. CIPTA BUANA SEJATI"
"857013";"ULP Pemerintah Daerah Daerah Istimewa Yogyakarta";"CV. CIPTA BUANA SEJATI"
"793013";"ULP Pemerintah Daerah Daerah Istimewa Yogyakarta";"CV. CIPTA BUANA SEJATI"
"732013";"ULP Pemerintah Daerah Daerah Istimewa Yogyakarta";"CV. CIPTA BUANA SEJATI"
"3390021";"Pemerintah Daerah Kota Yogyakarta";"CV. CIPTA BUANA SEJATI"
"3047021";"Pemerintah Daerah Kota Yogyakarta";"CV. CIPTA BUANA SEJATI"
"705021";;"CV. CIPTA BUANA SEJATI"
"327021";;"CV. CIPTA BUANA SEJATI"
"479621";"Pemerintah Kabupaten Gunungkidul";"CV. CIPTA BUANA SEJATI"
"301621";"Pemerintah Kabupaten Gunungkidul";"CV. CIPTA BUANA SEJATI"
"260621";"Pemerintah Kabupaten Gunungkidul";"CV. CIPTA BUANA SEJATI"
"106621";"Pemerintah Kabupaten Gunungkidul";"CV. CIPTA BUANA SEJATI"
"106621";"Pemerintah Kabupaten Gunungkidul";"CV. CIPTA BUANA SEJATI"
"1407285";"UNIT LAYANAN PENGADAAN PEMERINTAH KABUPATEN BANTUL";"CV. CIPTA BUANA SEJATI"
"1085285";"UNIT LAYANAN PENGADAAN PEMERINTAH KABUPATEN BANTUL";"CV. CIPTA BUANA SEJATI"
"2691054";"Pemerintah Daerah Kabupaten Sleman";"CV. Madani Callysta Saibuyun"
"1651367";"Pemerintah Daerah Kabupaten Kulon Progo";"CV. Madani Callysta Saibuyun"
"817367";"Pemerintah Kabupaten Kulon Progo";"CV. Madani Callysta Saibuyun"
"6363013";"Pemerintah Daerah Provinsi D. I. Yogyakarta";"CV. Madani Callysta Saibuyun"
"6130013";"Pemerintah Daerah Provinsi D. I. Yogyakarta";"CV. Madani Callysta Saibuyun"
"6126013";"Pemerintah Daerah Provinsi D. I. Yogyakarta";"CV. Madani Callysta Saibuyun"
"6123013";"Pemerintah Daerah Provinsi D. I. Yogyakarta";"CV. Madani Callysta Saibuyun"
"6089013";"Pemerintah Daerah Provinsi D. I. Yogyakarta";"CV. Madani Callysta Saibuyun"
"6085013";"Pemerintah Daerah Provinsi D. I. Yogyakarta";"CV. Madani Callysta Saibuyun"
"6065013";"Pemerintah Daerah Provinsi D. I. Yogyakarta";"CV. Madani Callysta Saibuyun"
"5741013";"Pemerintah Daerah Provinsi D. I. Yogyakarta";"CV. Madani Callysta Saibuyun"
"5631013";"Pemerintah Daerah Provinsi D. I. Yogyakarta";"CV. Madani Callysta Saibuyun"
"5626013";"Pemerintah Daerah Provinsi D. I. Yogyakarta";"CV. Madani Callysta Saibuyun"
"5625013";"Pemerintah Daerah Provinsi D. I. Yogyakarta";"CV. Madani Callysta Saibuyun"
"5528013";"Pemerintah Daerah Provinsi D. I. Yogyakarta";"CV. Madani Callysta Saibuyun"
"5524013";"Pemerintah Daerah Provinsi D. I. Yogyakarta";"CV. Madani Callysta Saibuyun"
"5499013";"Pemerintah Daerah Provinsi D. I. Yogyakarta";"CV. Madani Callysta Saibuyun"
"5486013";"Pemerintah Daerah Provinsi D. I. Yogyakarta";"CV. Madani Callysta Saibuyun"
"5485013";"Pemerintah Daerah Provinsi D. I. Yogyakarta";"CV. Madani Callysta Saibuyun"
"5474013";"Pemerintah Daerah Provinsi D. I. Yogyakarta";"CV. Madani Callysta Saibuyun"
"5457013";"Pemerintah Daerah Provinsi D. I. Yogyakarta";"CV. Madani Callysta Saibuyun"
"5387013";"Pemerintah Daerah Provinsi D. I. Yogyakarta";"CV. Madani Callysta Saibuyun"
"5361013";"Pemerintah Daerah Provinsi D. I. Yogyakarta";"CV. Madani Callysta Saibuyun"
"5333013";"Pemerintah Daerah Provinsi D. I. Yogyakarta";"CV. Madani Callysta Saibuyun"
"5263013";"Pemerintah Daerah Provinsi D. I. Yogyakarta";"CV. Madani Callysta Saibuyun"
"5253013";"Pemerintah Daerah Provinsi D. I. Yogyakarta";"CV. Madani Callysta Saibuyun"
"5196013";"Pemerintah Daerah Provinsi D. I. Yogyakarta";"CV. Madani Callysta Saibuyun"
"5165013";"Pemerintah Daerah Provinsi D. I. Yogyakarta";"CV. Madani Callysta Saibuyun"
"4913013";"Pemerintah Daerah Provinsi D. I. Yogyakarta";"CV. Madani Callysta Saibuyun"
"4860013";"Pemerintah Daerah Provinsi D. I. Yogyakarta";"CV. Madani Callysta Saibuyun"
"4847013";"Pemerintah Daerah Provinsi D. I. Yogyakarta";"CV. Madani Callysta Saibuyun"
"4818013";"Pemerintah Daerah Provinsi D. I. Yogyakarta";"CV. Madani Callysta Saibuyun"
"4813013";"Pemerintah Daerah Provinsi D. I. Yogyakarta";"CV. Madani Callysta Saibuyun"
"4737013";"Pemerintah Daerah Provinsi D. I. Yogyakarta";"CV. Madani Callysta Saibuyun"
"4730013";"Pemerintah Daerah Provinsi D. I. Yogyakarta";"CV. Madani Callysta Saibuyun"
"4602013";"Pemerintah Daerah Provinsi D. I. Yogyakarta";"CV. Madani Callysta Saibuyun"
"4475013";"Pemerintah Daerah Provinsi D. I. Yogyakarta";"CV. Madani Callysta Saibuyun"
"4463013";"Pemerintah Daerah Provinsi D. I. Yogyakarta";"CV. Madani Callysta Saibuyun"
"4431013";"Pemerintah Daerah Provinsi D. I. Yogyakarta";"CV. Madani Callysta Saibuyun"
"4405013";"Pemerintah Daerah Provinsi D. I. Yogyakarta";"CV. Madani Callysta Saibuyun"
"4365013";"Pemerintah Daerah Provinsi D. I. Yogyakarta";"CV. Madani Callysta Saibuyun"
"4359013";"Pemerintah Daerah Provinsi D. I. Yogyakarta";"CV. Madani Callysta Saibuyun"
"4284013";"ULP Pemerintah Daerah Daerah Istimewa Yogyakarta";"CV. Madani Callysta Saibuyun"
"4157013";"ULP Pemerintah Daerah Daerah Istimewa Yogyakarta";"CV. Madani Callysta Saibuyun"
"3991013";"ULP Pemerintah Daerah Daerah Istimewa Yogyakarta";"CV. Madani Callysta Saibuyun"
"3647013";"ULP Pemerintah Daerah Daerah Istimewa Yogyakarta";"CV. Madani Callysta Saibuyun"
"3539013";"ULP Pemerintah Daerah Daerah Istimewa Yogyakarta";"CV. Madani Callysta Saibuyun"
"3504013";"ULP Pemerintah Daerah Daerah Istimewa Yogyakarta";"CV. Madani Callysta Saibuyun"
"3467013";"ULP Pemerintah Daerah Daerah Istimewa Yogyakarta";"CV. Madani Callysta Saibuyun"
"3457013";"ULP Pemerintah Daerah Daerah Istimewa Yogyakarta";"CV. Madani Callysta Saibuyun"
"3449013";"ULP Pemerintah Daerah Daerah Istimewa Yogyakarta";"CV. Madani Callysta Saibuyun"
"3442013";"ULP Pemerintah Daerah Daerah Istimewa Yogyakarta";"CV. Madani Callysta Saibuyun"
"3414013";"ULP Pemerintah Daerah Daerah Istimewa Yogyakarta";"CV. Madani Callysta Saibuyun"
"3189013";"ULP Pemerintah Daerah Daerah Istimewa Yogyakarta";"CV. Madani Callysta Saibuyun"
"2878013";"ULP Pemerintah Daerah Daerah Istimewa Yogyakarta";"CV. Madani Callysta Saibuyun"
"2770013";"ULP Pemerintah Daerah Daerah Istimewa Yogyakarta";"CV. Madani Callysta Saibuyun"
"2651013";"ULP Pemerintah Daerah Daerah Istimewa Yogyakarta";"CV. Madani Callysta Saibuyun"
"2551013";"ULP Pemerintah Daerah Daerah Istimewa Yogyakarta";"CV. Madani Callysta Saibuyun"
"2515013";"ULP Pemerintah Daerah Daerah Istimewa Yogyakarta";"CV. Madani Callysta Saibuyun"
"2478013";"ULP Pemerintah Daerah Daerah Istimewa Yogyakarta";"CV. Madani Callysta Saibuyun"
"2109013";"ULP Pemerintah Daerah Daerah Istimewa Yogyakarta";"CV. Madani Callysta Saibuyun"
"1968013";"ULP Pemerintah Daerah Daerah Istimewa Yogyakarta";"CV. Madani Callysta Saibuyun"
"1879013";"ULP Pemerintah Daerah Daerah Istimewa Yogyakarta";"CV. Madani Callysta Saibuyun"
"1827013";"ULP Pemerintah Daerah Daerah Istimewa Yogyakarta";"CV. Madani Callysta Saibuyun"
"1809013";"ULP Pemerintah Daerah Daerah Istimewa Yogyakarta";"CV. Madani Callysta Saibuyun"
"1795013";"ULP Pemerintah Daerah Daerah Istimewa Yogyakarta";"CV. Madani Callysta Saibuyun"
"1591013";"ULP Pemerintah Daerah Daerah Istimewa Yogyakarta";"CV. Madani Callysta Saibuyun"
"887013";"ULP Pemerintah Daerah Daerah Istimewa Yogyakarta";"CV. Madani Callysta Saibuyun"
"858013";"ULP Pemerintah Daerah Daerah Istimewa Yogyakarta";"CV. Madani Callysta Saibuyun"
"3620021";"Pemerintah Daerah Kota Yogyakarta";"CV. Madani Callysta Saibuyun"
"3456021";"Pemerintah Daerah Kota Yogyakarta";"CV. Madani Callysta Saibuyun"
"2295021";"Pemerintah Daerah Kota Yogyakarta";"CV. Madani Callysta Saibuyun"
"1320021";;"CV. Madani Callysta Saibuyun"
"122621";"Pemerintah Kabupaten Gunungkidul";"CV. Madani Callysta Saibuyun"
"122621";"Pemerintah Kabupaten Gunungkidul";"CV. Madani Callysta Saibuyun"
"1153285";"UNIT LAYANAN PENGADAAN PEMERINTAH KABUPATEN BANTUL";"CV. Madani Callysta Saibuyun"
"1030285";"UNIT LAYANAN PENGADAAN PEMERINTAH KABUPATEN BANTUL";"CV. Madani Callysta Saibuyun"
"261285";"Pemerintah Kabupaten Bantul";"CV. Madani Callysta Saibuyun"
"1031303";"Universitas Gadjah Mada";"CV. Harrisma Computer"
"1025303";"Universitas Gadjah Mada";"CV. Harrisma Computer"
"975303";"ULP Universitas Gadjah Mada";"CV. Harrisma Computer"
"948303";"ULP Universitas Gadjah Mada";"CV. Harrisma Computer"
"849303";"ULP Universitas Gadjah Mada";"CV. Harrisma Computer"
"830303";"ULP Universitas Gadjah Mada";"CV. Harrisma Computer"
"825303";"ULP Universitas Gadjah Mada";"CV. Harrisma Computer"
"816303";"ULP Universitas Gadjah Mada";"CV. Harrisma Computer"
"749303";"ULP Universitas Gadjah Mada";"CV. Harrisma Computer"
"719303";"ULP Universitas Gadjah Mada";"CV. Harrisma Computer"
"601303";"ULP Universitas Gadjah Mada";"CV. Harrisma Computer"
"584303";"ULP Universitas Gadjah Mada";"CV. Harrisma Computer"
"571303";"ULP Universitas Gadjah Mada";"CV. Harrisma Computer"
"520303";"ULP Universitas Gadjah Mada";"CV. Harrisma Computer"
"414303";"ULP Universitas Gadjah Mada";"CV. Harrisma Computer"
"300303";"ULP Universitas Gadjah Mada";"CV. Harrisma Computer"
"209303";"ULP Universitas Gadjah Mada";"CV. Harrisma Computer"
"139303";"ULP Universitas Gadjah Mada";"CV. Harrisma Computer"
"119303";"ULP Universitas Gadjah Mada";"CV. Harrisma Computer"
"98303";"ULP Universitas Gadjah Mada";"CV. Harrisma Computer"
"1703054";"Unit Layanan Pengadaan";"CV. Harrisma Computer"
"1700054";"Unit Layanan Pengadaan";"CV. Harrisma Computer"
"1694054";"Unit Layanan Pengadaan";"CV. Harrisma Computer"
"1681054";"Unit Layanan Pengadaan";"CV. Harrisma Computer"
"1658054";"Unit Layanan Pengadaan";"CV. Harrisma Computer"
"1334054";"Unit Layanan Pengadaan";"CV. Harrisma Computer"
"1253054";"Unit Layanan Pengadaan";"CV. Harrisma Computer"
"853054";"Pemerintah Kabupaten Sleman";"CV. Harrisma Computer"
"633054";"Pemerintah Kabupaten Sleman";"CV. Harrisma Computer"
"461054";"Pemerintah Kabupaten Sleman";"CV. Harrisma Computer"
"24054";"Pemerintah Kabupaten Sleman";"CV. Harrisma Computer"
"3054";"Pemerintah Kabupaten Sleman";"CV. Harrisma Computer"
"1072367";"Pemerintah Kabupaten Kulon Progo";"CV. Harrisma Computer"
"137367";"Pemerintah Kabupaten Kulon Progo";"CV. Harrisma Computer"
"6284013";"Pemerintah Daerah Provinsi D. I. Yogyakarta";"CV. Harrisma Computer"
"5431013";"Pemerintah Daerah Provinsi D. I. Yogyakarta";"CV. Harrisma Computer"
"4384013";"Pemerintah Daerah Provinsi D. I. Yogyakarta";"CV. Harrisma Computer"
"3731013";"Sekolah Tinggi Multi Media ""MMTC"" Yogyakarta";"CV. Harrisma Computer"
"3672013";"ULP Pemerintah Daerah Daerah Istimewa Yogyakarta";"CV. Harrisma Computer"
"3456013";"ULP Pemerintah Daerah Daerah Istimewa Yogyakarta";"CV. Harrisma Computer"
"3317013";"Sekolah Tinggi Multi Media ""MMTC"" Yogyakarta";"CV. Harrisma Computer"
"2315013";"ULP Pemerintah Daerah Daerah Istimewa Yogyakarta";"CV. Harrisma Computer"
"2267013";"ULP Pemerintah Daerah Daerah Istimewa Yogyakarta";"CV. Harrisma Computer"
"2132013";"ULP Pemerintah Daerah Daerah Istimewa Yogyakarta";"CV. Harrisma Computer"
"1494013";"Badan Pemeriksa Keuangan";"CV. Harrisma Computer"
"1094013";"Pemerintah Kabupaten Gunungkidul";"CV. Harrisma Computer"
"983013";"BALAI STANDARDISASI METROLOGI LEGAL REGIONAL II";"CV. Harrisma Computer"
"700013";"Balai Besar Teknik Kesehatan Lingkungan dan Pengendalian  Penyak";"CV. Harrisma Computer"
"625013";"Pemerintah Kabupaten Bantul";"CV. Harrisma Computer"
"466013";"Pemerintah Kabupaten Gunungkidul";"CV. Harrisma Computer"
"334013";"Pemerintah Kabupaten Kulon Progo";"CV. Harrisma Computer"
"210013";"ULP Pemerintah Daerah Daerah Istimewa Yogyakarta";"CV. Harrisma Computer"
"154013";"ULP Pemerintah Daerah Daerah Istimewa Yogyakarta";"CV. Harrisma Computer"
"97013";"ULP Pemerintah Daerah Daerah Istimewa Yogyakarta";"CV. Harrisma Computer"
"3498021";"Kementerian Riset, Teknologi, dan Pendidikan Tinggi";"CV. Harrisma Computer"
"2930021";"ULP RSUP DR. Sardjito";"CV. Harrisma Computer"
"2870021";"ULP RSUP DR. Sardjito";"CV. Harrisma Computer"
"2800021";"ULP RSUP DR. Sardjito";"CV. Harrisma Computer"
"2787021";"ULP RSUP DR. Sardjito";"CV. Harrisma Computer"
"2692021";"ULP RSUP DR. Sardjito";"CV. Harrisma Computer"
"2666021";"Universitas Negeri Yogyakarta";"CV. Harrisma Computer"
"2474021";"ULP RSUP DR. Sardjito";"CV. Harrisma Computer"
"2459021";"ULP RSUP DR. Sardjito";"CV. Harrisma Computer"
"1796021";;"CV. Harrisma Computer"
"1784021";"ULP RSUP DR. Sardjito";"CV. Harrisma Computer"
"1670021";"ULP RSUP DR. Sardjito";"CV. Harrisma Computer"
"1639021";"ULP RSUP DR. Sardjito";"CV. Harrisma Computer"
"1577021";"ULP RSUP DR. Sardjito";"CV. Harrisma Computer"
"870021";"Institut Seni Indonesia Yogyakarta";"CV. Harrisma Computer"
"584021";"Kanwil BPN Propinsi DI Yogyakarta";"CV. Harrisma Computer"
"234021";"Pusat Pengembangan SDM Reg Yogyakarta";"CV. Harrisma Computer"
"1088285";"UNIT LAYANAN PENGADAAN PEMERINTAH KABUPATEN BANTUL";"CV. Harrisma Computer"
"737285";"UNIT LAYANAN PENGADAAN PEMERINTAH KABUPATEN BANTUL";"CV. Harrisma Computer"
"669285";"UNIT LAYANAN PENGADAAN PEMERINTAH KABUPATEN BANTUL";"CV. Harrisma Computer"
"485285";"UNIT LAYANAN PENGADAAN PEMERINTAH KABUPATEN BANTUL";"CV. Harrisma Computer"
"85285";"Pemerintah Kabupaten Bantul";"CV. Harrisma Computer"
"2809054";"Pemerintah Daerah Kabupaten Sleman";"PT. SURYA PRAGA"
"2412054";"Pemerintah Daerah Kabupaten Sleman";"PT. SURYA PRAGA"
"2151054";"Unit Layanan Pengadaan";"PT. SURYA PRAGA"
"2099054";"Unit Layanan Pengadaan";"PT. SURYA PRAGA"
"1870054";"Unit Layanan Pengadaan";"PT. SURYA PRAGA"
"1495054";"Unit Layanan Pengadaan";"PT. SURYA PRAGA"
"1249054";"Unit Layanan Pengadaan";"PT. SURYA PRAGA"
"980054";"Unit Layanan Pengadaan";"PT. SURYA PRAGA"
"566054";"Pemerintah Kabupaten Sleman";"PT. SURYA PRAGA"
"1587367";"Pemerintah Daerah Kabupaten Kulon Progo";"PT. SURYA PRAGA"
"1459367";"Pemerintah Daerah Kabupaten Kulon Progo";"PT. SURYA PRAGA"
"1270367";"Pemerintah Kabupaten Kulon Progo";"PT. SURYA PRAGA"
"1211367";"Pemerintah Kabupaten Kulon Progo";"PT. SURYA PRAGA"
"810367";"Pemerintah Kabupaten Kulon Progo";"PT. SURYA PRAGA"
"809367";"Pemerintah Kabupaten Kulon Progo";"PT. SURYA PRAGA"
"597367";"Pemerintah Kabupaten Kulon Progo";"PT. SURYA PRAGA"
"435367";"Pemerintah Kabupaten Kulon Progo";"PT. SURYA PRAGA"
"432367";"Pemerintah Kabupaten Kulon Progo";"PT. SURYA PRAGA"
"376367";"Pemerintah Kabupaten Kulon Progo";"PT. SURYA PRAGA"
"6445013";"Pemerintah Daerah Provinsi D. I. Yogyakarta";"PT. SURYA PRAGA"
"6283013";"Pemerintah Daerah Provinsi D. I. Yogyakarta";"PT. SURYA PRAGA"
"6192013";"Pemerintah Daerah Provinsi D. I. Yogyakarta";"PT. SURYA PRAGA"
"6190013";"Pemerintah Daerah Provinsi D. I. Yogyakarta";"PT. SURYA PRAGA"
"6182013";"Pemerintah Daerah Provinsi D. I. Yogyakarta";"PT. SURYA PRAGA"
"6154013";"Pemerintah Daerah Provinsi D. I. Yogyakarta";"PT. SURYA PRAGA"
"6150013";"Pemerintah Daerah Provinsi D. I. Yogyakarta";"PT. SURYA PRAGA"
"6059013";"Pemerintah Daerah Provinsi D. I. Yogyakarta";"PT. SURYA PRAGA"
"5600013";"Pemerintah Daerah Provinsi D. I. Yogyakarta";"PT. SURYA PRAGA"
"5365013";"Pemerintah Daerah Provinsi D. I. Yogyakarta";"PT. SURYA PRAGA"
"5177013";"Pemerintah Daerah Provinsi D. I. Yogyakarta";"PT. SURYA PRAGA"
"5046013";"Pemerintah Daerah Provinsi D. I. Yogyakarta";"PT. SURYA PRAGA"
"4984013";"Pemerintah Daerah Provinsi D. I. Yogyakarta";"PT. SURYA PRAGA"
"4944013";"Pemerintah Daerah Provinsi D. I. Yogyakarta";"PT. SURYA PRAGA"
"4941013";"Pemerintah Daerah Provinsi D. I. Yogyakarta";"PT. SURYA PRAGA"
"4714013";"Pemerintah Daerah Provinsi D. I. Yogyakarta";"PT. SURYA PRAGA"
"4628013";"Pemerintah Daerah Provinsi D. I. Yogyakarta";"PT. SURYA PRAGA"
"4418013";"Pemerintah Daerah Provinsi D. I. Yogyakarta";"PT. SURYA PRAGA"
"4367013";"Pemerintah Daerah Provinsi D. I. Yogyakarta";"PT. SURYA PRAGA"
"4271013";"ULP Pemerintah Daerah Daerah Istimewa Yogyakarta";"PT. SURYA PRAGA"
"4262013";"ULP Pemerintah Daerah Daerah Istimewa Yogyakarta";"PT. SURYA PRAGA"
"4243013";"ULP Pemerintah Daerah Daerah Istimewa Yogyakarta";"PT. SURYA PRAGA"
"4098013";"ULP Pemerintah Daerah Daerah Istimewa Yogyakarta";"PT. SURYA PRAGA"
"3974013";"ULP Pemerintah Daerah Daerah Istimewa Yogyakarta";"PT. SURYA PRAGA"
"3958013";"ULP Pemerintah Daerah Daerah Istimewa Yogyakarta";"PT. SURYA PRAGA"
"3743013";"ULP Pemerintah Daerah Daerah Istimewa Yogyakarta";"PT. SURYA PRAGA"
"3715013";"ULP Pemerintah Daerah Daerah Istimewa Yogyakarta";"PT. SURYA PRAGA"
"3553013";"ULP Pemerintah Daerah Daerah Istimewa Yogyakarta";"PT. SURYA PRAGA"
"3491013";"ULP Pemerintah Daerah Daerah Istimewa Yogyakarta";"PT. SURYA PRAGA"
"3424013";"ULP Pemerintah Daerah Daerah Istimewa Yogyakarta";"PT. SURYA PRAGA"
"3423013";"ULP Pemerintah Daerah Daerah Istimewa Yogyakarta";"PT. SURYA PRAGA"
"3364013";"ULP Pemerintah Daerah Daerah Istimewa Yogyakarta";"PT. SURYA PRAGA"
"3363013";"ULP Pemerintah Daerah Daerah Istimewa Yogyakarta";"PT. SURYA PRAGA"
"3036013";"ULP Pemerintah Daerah Daerah Istimewa Yogyakarta";"PT. SURYA PRAGA"
"2897013";"ULP Pemerintah Daerah Daerah Istimewa Yogyakarta";"PT. SURYA PRAGA"
"2763013";"ULP Pemerintah Daerah Daerah Istimewa Yogyakarta";"PT. SURYA PRAGA"
"2580013";"ULP Pemerintah Daerah Daerah Istimewa Yogyakarta";"PT. SURYA PRAGA"
"2542013";"ULP Pemerintah Daerah Daerah Istimewa Yogyakarta";"PT. SURYA PRAGA"
"2472013";"ULP Pemerintah Daerah Daerah Istimewa Yogyakarta";"PT. SURYA PRAGA"
"2461013";"ULP Pemerintah Daerah Daerah Istimewa Yogyakarta";"PT. SURYA PRAGA"
"2449013";"ULP Pemerintah Daerah Daerah Istimewa Yogyakarta";"PT. SURYA PRAGA"
"2447013";"ULP Pemerintah Daerah Daerah Istimewa Yogyakarta";"PT. SURYA PRAGA"
"2435013";"ULP Pemerintah Daerah Daerah Istimewa Yogyakarta";"PT. SURYA PRAGA"
"2368013";"ULP Pemerintah Daerah Daerah Istimewa Yogyakarta";"PT. SURYA PRAGA"
"2330013";"ULP Pemerintah Daerah Daerah Istimewa Yogyakarta";"PT. SURYA PRAGA"
"2238013";"ULP Pemerintah Daerah Daerah Istimewa Yogyakarta";"PT. SURYA PRAGA"
"1564013";"ULP Pemerintah Daerah Daerah Istimewa Yogyakarta";"PT. SURYA PRAGA"
"1560013";"ULP Pemerintah Daerah Daerah Istimewa Yogyakarta";"PT. SURYA PRAGA"
"1328013";"ULP Pemerintah Daerah Daerah Istimewa Yogyakarta";"PT. SURYA PRAGA"
"1325013";"ULP Pemerintah Daerah Daerah Istimewa Yogyakarta";"PT. SURYA PRAGA"
"1847021";"Museum Beteng Vredeburg Yogyakarta";"PT. SURYA PRAGA"
"1329021";"Museum Beteng Vredeburg Yogyakarta";"PT. SURYA PRAGA"
"478621";"Pemerintah Kabupaten Gunungkidul";"PT. SURYA PRAGA"
"477621";"Pemerintah Kabupaten Gunungkidul";"PT. SURYA PRAGA"
"371621";"Pemerintah Kabupaten Gunungkidul";"PT. SURYA PRAGA"
"1405285";"UNIT LAYANAN PENGADAAN PEMERINTAH KABUPATEN BANTUL";"PT. SURYA PRAGA"
"2939054";"Pemerintah Daerah Kabupaten Sleman";"PT. Wastu Anopama"
"2621054";"Pemerintah Daerah Kabupaten Sleman";"PT. Wastu Anopama"
"2366054";"Pemerintah Daerah Kabupaten Sleman";"PT. Wastu Anopama"
"1961054";"Unit Layanan Pengadaan";"PT. Wastu Anopama"
"1837054";"Unit Layanan Pengadaan";"PT. Wastu Anopama"
"631054";"Pemerintah Kabupaten Sleman";"PT. Wastu Anopama"
"74054";"Pemerintah Kabupaten Sleman";"PT. Wastu Anopama"
"1777367";"Pemerintah Daerah Kabupaten Kulon Progo";"PT. Wastu Anopama"
"1456367";"Pemerintah Daerah Kabupaten Kulon Progo";"PT. Wastu Anopama"
"1432367";"Pemerintah Kabupaten Kulon Progo";"PT. Wastu Anopama"
"1399367";"Pemerintah Kabupaten Kulon Progo";"PT. Wastu Anopama"
"1273367";"Pemerintah Kabupaten Kulon Progo";"PT. Wastu Anopama"
"1189367";"Pemerintah Kabupaten Kulon Progo";"PT. Wastu Anopama"
"1155367";"Pemerintah Kabupaten Kulon Progo";"PT. Wastu Anopama"
"930367";"Pemerintah Kabupaten Kulon Progo";"PT. Wastu Anopama"
"377367";"Pemerintah Kabupaten Kulon Progo";"PT. Wastu Anopama"
"24367";"Pemerintah Kabupaten Kulon Progo";"PT. Wastu Anopama"
"6473013";"Pemerintah Daerah Provinsi D. I. Yogyakarta";"PT. Wastu Anopama"
"6417013";"Pemerintah Daerah Provinsi D. I. Yogyakarta";"PT. Wastu Anopama"
"6346013";"Pemerintah Daerah Provinsi D. I. Yogyakarta";"PT. Wastu Anopama"
"6337013";"Pemerintah Daerah Provinsi D. I. Yogyakarta";"PT. Wastu Anopama"
"6311013";"Pemerintah Daerah Provinsi D. I. Yogyakarta";"PT. Wastu Anopama"
"6310013";"Pemerintah Daerah Provinsi D. I. Yogyakarta";"PT. Wastu Anopama"
"6307013";"Pemerintah Daerah Provinsi D. I. Yogyakarta";"PT. Wastu Anopama"
"6219013";"Pemerintah Daerah Provinsi D. I. Yogyakarta";"PT. Wastu Anopama"
"6205013";"Pemerintah Daerah Provinsi D. I. Yogyakarta";"PT. Wastu Anopama"
"6188013";"Pemerintah Daerah Provinsi D. I. Yogyakarta";"PT. Wastu Anopama"
"6015013";"Pemerintah Daerah Provinsi D. I. Yogyakarta";"PT. Wastu Anopama"
"5927013";"Pemerintah Daerah Provinsi D. I. Yogyakarta";"PT. Wastu Anopama"
"5894013";"Pemerintah Daerah Provinsi D. I. Yogyakarta";"PT. Wastu Anopama"
"5880013";"Pemerintah Daerah Provinsi D. I. Yogyakarta";"PT. Wastu Anopama"
"5874013";"Pemerintah Daerah Provinsi D. I. Yogyakarta";"PT. Wastu Anopama"
"5838013";"Pemerintah Daerah Provinsi D. I. Yogyakarta";"PT. Wastu Anopama"
"5761013";"Pemerintah Daerah Provinsi D. I. Yogyakarta";"PT. Wastu Anopama"
"5713013";"Pemerintah Daerah Provinsi D. I. Yogyakarta";"PT. Wastu Anopama"
"5464013";"Pemerintah Daerah Provinsi D. I. Yogyakarta";"PT. Wastu Anopama"
"5256013";"Pemerintah Daerah Provinsi D. I. Yogyakarta";"PT. Wastu Anopama"
"5254013";"Pemerintah Daerah Provinsi D. I. Yogyakarta";"PT. Wastu Anopama"
"5226013";"Pemerintah Daerah Provinsi D. I. Yogyakarta";"PT. Wastu Anopama"
"5204013";"Pemerintah Daerah Provinsi D. I. Yogyakarta";"PT. Wastu Anopama"
"5157013";"Pemerintah Daerah Provinsi D. I. Yogyakarta";"PT. Wastu Anopama"
"4669013";"Pemerintah Daerah Provinsi D. I. Yogyakarta";"PT. Wastu Anopama"
"4538013";"Pemerintah Daerah Kabupaten Gunung Kidul";"PT. Wastu Anopama"
"4389013";"Pemerintah Daerah Provinsi D. I. Yogyakarta";"PT. Wastu Anopama"
"4343013";"Pemerintah Daerah Provinsi D. I. Yogyakarta";"PT. Wastu Anopama"
"4294013";"Pemerintah Daerah Provinsi D. I. Yogyakarta";"PT. Wastu Anopama"
"4263013";"ULP Pemerintah Daerah Daerah Istimewa Yogyakarta";"PT. Wastu Anopama"
"3973013";"ULP Pemerintah Daerah Daerah Istimewa Yogyakarta";"PT. Wastu Anopama"
"3941013";"ULP Pemerintah Daerah Daerah Istimewa Yogyakarta";"PT. Wastu Anopama"
"3759013";"ULP Pemerintah Daerah Daerah Istimewa Yogyakarta";"PT. Wastu Anopama"
"3752013";"ULP Pemerintah Daerah Daerah Istimewa Yogyakarta";"PT. Wastu Anopama"
"3747013";"ULP Pemerintah Daerah Daerah Istimewa Yogyakarta";"PT. Wastu Anopama"
"3746013";"ULP Pemerintah Daerah Daerah Istimewa Yogyakarta";"PT. Wastu Anopama"
"3635013";"ULP Pemerintah Daerah Daerah Istimewa Yogyakarta";"PT. Wastu Anopama"
"3465013";"ULP Pemerintah Daerah Daerah Istimewa Yogyakarta";"PT. Wastu Anopama"
"966013";"Pemerintah Kabupaten Gunungkidul";"PT. Wastu Anopama"
"919013";"Pemerintah Kabupaten Gunungkidul";"PT. Wastu Anopama"
"872013";"ULP Pemerintah Daerah Daerah Istimewa Yogyakarta";"PT. Wastu Anopama"
"698013";"ULP Pemerintah Daerah Daerah Istimewa Yogyakarta";"PT. Wastu Anopama"
"3263021";"Kementerian Pendidikan dan Kebudayaan";"PT. Wastu Anopama"
"2278021";;"PT. Wastu Anopama"
"819621";"Pemerintah Daerah Kabupaten Gunung Kidul";"PT. Wastu Anopama"
"731621";"Pemerintah Daerah Kabupaten Gunung Kidul";"PT. Wastu Anopama"
"551621";"Pemerintah Daerah Kabupaten Gunung Kidul";"PT. Wastu Anopama"
"372621";"Pemerintah Kabupaten Gunungkidul";"PT. Wastu Anopama"
"349621";"Pemerintah Kabupaten Gunungkidul";"PT. Wastu Anopama"
"1412285";"UNIT LAYANAN PENGADAAN PEMERINTAH KABUPATEN BANTUL";"PT. Wastu Anopama"
"1076285";"UNIT LAYANAN PENGADAAN PEMERINTAH KABUPATEN BANTUL";"PT. Wastu Anopama"
"1358054";"Unit Layanan Pengadaan";"PT. ALAM MATARAM SEJAHTRA"
"6433013";"Pemerintah Daerah Provinsi D. I. Yogyakarta";"PT. ALAM MATARAM SEJAHTRA"
"6431013";"Pemerintah Daerah Provinsi D. I. Yogyakarta";"PT. ALAM MATARAM SEJAHTRA"
"6397013";"Pemerintah Daerah Provinsi D. I. Yogyakarta";"PT. ALAM MATARAM SEJAHTRA"
"6386013";"Pemerintah Daerah Provinsi D. I. Yogyakarta";"PT. ALAM MATARAM SEJAHTRA"
"6359013";"Pemerintah Daerah Provinsi D. I. Yogyakarta";"PT. ALAM MATARAM SEJAHTRA"
"6349013";"Pemerintah Daerah Provinsi D. I. Yogyakarta";"PT. ALAM MATARAM SEJAHTRA"
"6326013";"Pemerintah Daerah Provinsi D. I. Yogyakarta";"PT. ALAM MATARAM SEJAHTRA"
"6292013";"Pemerintah Daerah Provinsi D. I. Yogyakarta";"PT. ALAM MATARAM SEJAHTRA"
"6228013";"Pemerintah Daerah Provinsi D. I. Yogyakarta";"PT. ALAM MATARAM SEJAHTRA"
"6214013";"Pemerintah Daerah Provinsi D. I. Yogyakarta";"PT. ALAM MATARAM SEJAHTRA"
"5954013";"Pemerintah Daerah Provinsi D. I. Yogyakarta";"PT. ALAM MATARAM SEJAHTRA"
"5782013";"Pemerintah Daerah Provinsi D. I. Yogyakarta";"PT. ALAM MATARAM SEJAHTRA"
"5642013";"Pemerintah Daerah Provinsi D. I. Yogyakarta";"PT. ALAM MATARAM SEJAHTRA"
"5571013";"Pemerintah Daerah Provinsi D. I. Yogyakarta";"PT. ALAM MATARAM SEJAHTRA"
"5512013";"Pemerintah Daerah Provinsi D. I. Yogyakarta";"PT. ALAM MATARAM SEJAHTRA"
"5510013";"Pemerintah Daerah Provinsi D. I. Yogyakarta";"PT. ALAM MATARAM SEJAHTRA"
"5505013";"Pemerintah Daerah Provinsi D. I. Yogyakarta";"PT. ALAM MATARAM SEJAHTRA"
"5462013";"Pemerintah Daerah Provinsi D. I. Yogyakarta";"PT. ALAM MATARAM SEJAHTRA"
"5441013";"Pemerintah Daerah Provinsi D. I. Yogyakarta";"PT. ALAM MATARAM SEJAHTRA"
"5362013";"Pemerintah Daerah Provinsi D. I. Yogyakarta";"PT. ALAM MATARAM SEJAHTRA"
"5200013";"Pemerintah Daerah Provinsi D. I. Yogyakarta";"PT. ALAM MATARAM SEJAHTRA"
"5199013";"Pemerintah Daerah Provinsi D. I. Yogyakarta";"PT. ALAM MATARAM SEJAHTRA"
"5025013";"Pemerintah Daerah Provinsi D. I. Yogyakarta";"PT. ALAM MATARAM SEJAHTRA"
"5024013";"Pemerintah Daerah Provinsi D. I. Yogyakarta";"PT. ALAM MATARAM SEJAHTRA"
"4999013";"Pemerintah Daerah Provinsi D. I. Yogyakarta";"PT. ALAM MATARAM SEJAHTRA"
"4981013";"Pemerintah Daerah Provinsi D. I. Yogyakarta";"PT. ALAM MATARAM SEJAHTRA"
"4960013";"Pemerintah Daerah Provinsi D. I. Yogyakarta";"PT. ALAM MATARAM SEJAHTRA"
"4878013";"Pemerintah Daerah Provinsi D. I. Yogyakarta";"PT. ALAM MATARAM SEJAHTRA"
"4791013";"Kementerian Lingkungan Hidup dan Kehutanan";"PT. ALAM MATARAM SEJAHTRA"
"4684013";"Pemerintah Daerah Provinsi D. I. Yogyakarta";"PT. ALAM MATARAM SEJAHTRA"
"4433013";"Pemerintah Daerah Provinsi D. I. Yogyakarta";"PT. ALAM MATARAM SEJAHTRA"
"4062013";"ULP Pemerintah Daerah Daerah Istimewa Yogyakarta";"PT. ALAM MATARAM SEJAHTRA"
"4057013";"ULP Pemerintah Daerah Daerah Istimewa Yogyakarta";"PT. ALAM MATARAM SEJAHTRA"
"4011013";"ULP Pemerintah Daerah Daerah Istimewa Yogyakarta";"PT. ALAM MATARAM SEJAHTRA"
"3990013";"ULP Pemerintah Daerah Daerah Istimewa Yogyakarta";"PT. ALAM MATARAM SEJAHTRA"
"3767013";"ULP Pemerintah Daerah Daerah Istimewa Yogyakarta";"PT. ALAM MATARAM SEJAHTRA"
"3675013";"ULP Pemerintah Daerah Daerah Istimewa Yogyakarta";"PT. ALAM MATARAM SEJAHTRA"
"3601013";"ULP Pemerintah Daerah Daerah Istimewa Yogyakarta";"PT. ALAM MATARAM SEJAHTRA"
"3529013";"ULP Pemerintah Daerah Daerah Istimewa Yogyakarta";"PT. ALAM MATARAM SEJAHTRA"
"3153013";"ULP Pemerintah Daerah Daerah Istimewa Yogyakarta";"PT. ALAM MATARAM SEJAHTRA"
"3122013";"ULP Pemerintah Daerah Daerah Istimewa Yogyakarta";"PT. ALAM MATARAM SEJAHTRA"
"3034013";"ULP Pemerintah Daerah Daerah Istimewa Yogyakarta";"PT. ALAM MATARAM SEJAHTRA"
"2994013";"ULP Pemerintah Daerah Daerah Istimewa Yogyakarta";"PT. ALAM MATARAM SEJAHTRA"
"2908013";"ULP Pemerintah Daerah Daerah Istimewa Yogyakarta";"PT. ALAM MATARAM SEJAHTRA"
"2808013";"ULP Pemerintah Daerah Daerah Istimewa Yogyakarta";"PT. ALAM MATARAM SEJAHTRA"
"2715013";"ULP Pemerintah Daerah Daerah Istimewa Yogyakarta";"PT. ALAM MATARAM SEJAHTRA"
"2436013";"ULP Pemerintah Daerah Daerah Istimewa Yogyakarta";"PT. ALAM MATARAM SEJAHTRA"
"2180013";"ULP Pemerintah Daerah Daerah Istimewa Yogyakarta";"PT. ALAM MATARAM SEJAHTRA"
"2118013";"ULP Pemerintah Daerah Daerah Istimewa Yogyakarta";"PT. ALAM MATARAM SEJAHTRA"
"1829013";"ULP Pemerintah Daerah Daerah Istimewa Yogyakarta";"PT. ALAM MATARAM SEJAHTRA"
"1802013";"ULP Pemerintah Daerah Daerah Istimewa Yogyakarta";"PT. ALAM MATARAM SEJAHTRA"
"1790013";"ULP Pemerintah Daerah Daerah Istimewa Yogyakarta";"PT. ALAM MATARAM SEJAHTRA"
"1626013";"ULP Pemerintah Daerah Daerah Istimewa Yogyakarta";"PT. ALAM MATARAM SEJAHTRA"
"1289013";"ULP Pemerintah Daerah Daerah Istimewa Yogyakarta";"PT. ALAM MATARAM SEJAHTRA"
"937013";"ULP Pemerintah Daerah Daerah Istimewa Yogyakarta";"PT. ALAM MATARAM SEJAHTRA"
"3679021";"Pemerintah Daerah Kota Yogyakarta";"PT. ALAM MATARAM SEJAHTRA"
"2869021";;"PT. ALAM MATARAM SEJAHTRA"
"2478021";;"PT. ALAM MATARAM SEJAHTRA"
"1281021";;"PT. ALAM MATARAM SEJAHTRA"
"822621";"Pemerintah Daerah Kabupaten Gunung Kidul";"PT. ALAM MATARAM SEJAHTRA"
"588621";"Pemerintah Daerah Kabupaten Gunung Kidul";"PT. ALAM MATARAM SEJAHTRA"
"429621";"Pemerintah Kabupaten Gunungkidul";"PT. ALAM MATARAM SEJAHTRA"
"1068285";"UNIT LAYANAN PENGADAAN PEMERINTAH KABUPATEN BANTUL";"PT. ALAM MATARAM SEJAHTRA"
